timestamp,condition,ins_type,strike_price,expiry,price,type,buy_or_sell,status,pnl,balance
19-02-19 13:15,RSI-D < 40; no open positions and supertrend changes from down to up,PE,10450,28-02-19,30.9,1,sell,open,-,0
19-02-19 14:44,premimum > 40; type2 purchase,CE,10900,28-02-19,27.1,2,sell,open,-,0
19-02-19 14:44,premimum > 40; type2 purchase (Hedging),CE,11150,28-02-19,4.6,2,buy,open,-,0
19-02-19 14:44,premimum > 40; type2 purchase,CE,10900,28-02-19,27.1,1,sell,open,-,0
21-02-19 11:22,Profit Premimum below 15,PE,10450,28-02-19,14.25,1,sell,closed,16.65,16.65
21-02-19 11:22,Profit Premimum below 15; bying again,PE,10600,28-02-19,32.75,1,sell,open,-,16.65
25-02-19 9:30,Profit Premimum below 15,PE,10600,28-02-19,10.7,1,sell,closed,22.05,38.7
25-02-19 9:30,Profit Premimum below 15; bying again,PE,10750,28-02-19,32.45,1,sell,open,-,38.7
25-02-19 14:15,40 < RSI-D < 60; crossover 70,CE,10900,28-02-19,33.45,2,sell,closed,-6.35,32.35
25-02-19 14:15,40 < RSI-D < 60; crossover 70,CE,10900,28-02-19,33.45,1,sell,closed,-6.35,26
25-02-19 15:14,Profit Premimum below 15,PE,10750,28-02-19,14.95,1,sell,closed,17.5,43.5
25-02-19 15:14,Profit Premimum below 15; bying again,PE,10850,28-02-19,35.5,1,sell,open,-,43.5
25-02-19 15:30,weekly closing,CE,11150,28-02-19,1.35,2,buy,closed,-3.25,40.25
25-02-19 15:30,weekly closing,PE,10850,28-02-19,38.6,1,sell,closed,-3.1,37.15
25-02-19 15:30,weekly reopening,CE,11050,07-03-19,32.35,1,sell,open,-,37.15
26-02-19 9:30,RSI > 70 and nifty crossunder supertrend,CE,11050,07-03-19,23.5,1,sell,closed,8.85,46
26-02-19 10:15,45 < RSI-D < 60; crossunder 55,CE,11000,07-03-19,29.05,1,sell,open,-,46
26-02-19 12:38,premimum > 40; type2 purchase,PE,10500,07-03-19,27.8,2,sell,open,-,46
26-02-19 12:38,premimum > 40; type2 purchase,PE,10500,07-03-19,27.8,1,sell,open,-,46
27-02-19 9:30,Profit Premimum below 15,PE,10500,07-03-19,15,2,sell,closed,12.8,58.8
27-02-19 9:30,Profit Premimum below 15,PE,10500,07-03-19,15,1,sell,closed,12.8,71.6
27-02-19 9:30,Profit Premimum below 15; bying again,PE,10650,07-03-19,29,1,sell,open,-,71.6
27-02-19 9:30,premimum > 40; type2 purchase,PE,10650,07-03-19,29,2,sell,open,-,71.6
01-03-19 14:29,Profit Premimum below 15,PE,10650,07-03-19,14.8,1,sell,closed,14.2,85.8
01-03-19 14:29,Profit Premimum below 15,PE,10650,07-03-19,14.8,2,sell,closed,14.2,100
01-03-19 14:29,Profit Premimum below 15; bying again,PE,10750,07-03-19,31.85,1,sell,open,-,100
05-03-19 9:30,Profit Premimum below 15,CE,11000,07-03-19,9.5,1,sell,closed,19.55,119.55
05-03-19 9:30,Profit Premimum below 15; bying again,CE,10900,07-03-19,33.4,1,sell,open,-,119.55
05-03-19 10:32,Profit Premimum below 15,PE,10750,07-03-19,14.65,1,sell,closed,17.2,136.75
05-03-19 10:32,Profit Premimum below 15; bying again,PE,10800,07-03-19,25,1,sell,open,-,136.75
05-03-19 10:35,premimum > 40; type2 purchase,PE,10800,07-03-19,23.7,2,sell,open,-,136.75
05-03-19 10:35,premimum > 40; type2 purchase (Hedging),PE,10600,07-03-19,4.35,2,buy,open,-,136.75
05-03-19 13:45,Profit Premimum below 15,PE,10800,07-03-19,14.6,1,sell,closed,10.4,147.15
05-03-19 13:45,Profit Premimum below 15,PE,10800,07-03-19,14.6,2,sell,closed,9.1,156.25
05-03-19 13:45,Profit Premimum below 15; bying again,PE,10900,07-03-19,37.55,1,sell,open,-,156.25
05-03-19 15:30,weekly closing,PE,10600,07-03-19,4.25,2,buy,closed,-0.1,156.15
05-03-19 15:30,weekly closing,PE,10900,07-03-19,19.95,1,sell,closed,17.6,173.75
05-03-19 15:30,weekly reopening,PE,10750,14-03-19,30.65,1,sell,open,-,173.75
07-03-19 9:36,Profit Premimum below 15,PE,10750,14-03-19,15,1,sell,closed,15.65,189.4
07-03-19 9:36,Profit Premimum below 15; bying again,PE,10850,14-03-19,28.05,1,sell,open,-,189.4
08-03-19 11:24,Profit Premimum below 15,PE,10850,14-03-19,15,1,sell,closed,13.05,202.45
08-03-19 11:24,Profit Premimum below 15; bying again,PE,10950,14-03-19,35.05,1,sell,open,-,202.45
11-03-19 9:30,Profit Premimum below 15,PE,10950,14-03-19,12,1,sell,closed,23.05,225.5
11-03-19 9:30,Profit Premimum below 15; bying again,PE,11050,14-03-19,34.75,1,sell,open,-,225.5
11-03-19 15:30,weekly closing,PE,11050,14-03-19,17.5,1,sell,closed,17.25,242.75
22-03-19 13:15,60 < RSI-D; crossover 55,PE,11400,28-03-19,28.15,1,sell,open,-,242.75
22-03-19 14:15,premimum > 40; type2 purchase,CE,11600,28-03-19,23.1,2,sell,open,-,242.75
22-03-19 14:15,premimum > 40; type2 purchase (Hedging),CE,11750,28-03-19,4.6,2,buy,open,-,242.75
22-03-19 14:15,premimum > 40; type2 purchase,CE,11600,28-03-19,23.1,1,sell,open,-,242.75
25-03-19 9:30,Profit Premimum below 15,CE,11600,28-03-19,7.85,2,sell,closed,15.25,258
25-03-19 9:30,Profit Premimum below 15,CE,11600,28-03-19,7.85,1,sell,closed,15.25,273.25
25-03-19 9:30,Profit Premimum below 15; bying again,CE,11500,28-03-19,23.1,1,sell,open,-,273.25
25-03-19 11:15,60 < RSI-D; RSI-H < 35,PE,11400,28-03-19,79.4,1,sell,closed,-51.25,222
25-03-19 13:35,Profit Premimum below 15,CE,11500,28-03-19,14.9,1,sell,closed,8.2,230.2
25-03-19 13:35,Profit Premimum below 15; bying again,CE,11450,28-03-19,23.35,1,sell,open,-,230.2
25-03-19 15:30,weekly closing,CE,11750,28-03-19,1.7,2,buy,closed,-2.9,227.3
25-03-19 15:30,weekly closing,CE,11450,28-03-19,26.2,1,sell,closed,-2.85,224.45
25-03-19 15:30,weekly reopening,CE,11600,04-04-19,34.55,1,sell,open,-,224.45
26-03-19 14:27,premimum > 40; type2 purchase,PE,11250,04-04-19,34.1,2,sell,open,-,224.45
26-03-19 14:27,premimum > 40; type2 purchase,PE,11250,04-04-19,34.1,1,sell,open,-,224.45
28-03-19 9:55,Profit Premimum below 15,PE,11250,04-04-19,14.35,2,sell,closed,19.75,244.2
28-03-19 9:55,Profit Premimum below 15,PE,11250,04-04-19,14.35,1,sell,closed,19.75,263.95
28-03-19 9:55,Profit Premimum below 15; bying again,PE,11350,04-04-19,28.65,1,sell,open,-,263.95
28-03-19 9:55,premimum > 40; type2 purchase,PE,11350,04-04-19,28.65,2,sell,open,-,263.95
29-03-19 13:21,Profit Premimum below 15,PE,11350,04-04-19,14.75,1,sell,closed,13.9,277.85
29-03-19 13:21,Profit Premimum below 15,PE,11350,04-04-19,14.75,2,sell,closed,13.9,291.75
29-03-19 13:21,Profit Premimum below 15; bying again,PE,11450,04-04-19,27.5,1,sell,open,-,291.75
29-03-19 13:49,premimum > 40; type2 purchase,PE,11450,04-04-19,32.6,2,sell,open,-,291.75
01-04-19 9:30,Profit Premimum below 15,PE,11450,04-04-19,11.6,1,sell,closed,15.9,307.65
01-04-19 9:30,Profit Premimum below 15,PE,11450,04-04-19,11.6,2,sell,closed,21,328.65
01-04-19 9:30,Profit Premimum below 15; bying again,PE,11550,04-04-19,25.65,1,sell,open,-,328.65
01-04-19 14:03,Profit Premimum below 15,PE,11550,04-04-19,14.75,1,sell,closed,10.9,339.55
01-04-19 14:03,Profit Premimum below 15; bying again,PE,11650,04-04-19,34.7,1,sell,open,-,339.55
01-04-19 15:10,premimum > 40; type2 purchase,CE,11750,04-04-19,37.15,2,sell,open,-,339.55
01-04-19 15:10,premimum > 40; type2 purchase (Hedging),CE,11950,04-04-19,3.15,2,buy,open,-,339.55
01-04-19 15:30,weekly closing,PE,11650,04-04-19,45.4,1,sell,closed,-10.7,328.85
01-04-19 15:30,weekly closing,CE,11750,04-04-19,39.15,2,sell,closed,-2,326.85
01-04-19 15:30,weekly closing,CE,11950,04-04-19,3.6,2,buy,closed,0.45,327.3
01-04-19 15:30,weekly reopening,CE,11900,11-04-19,35.55,1,sell,open,-,327.3
03-04-19 9:32,premimum > 40; type2 purchase,PE,11550,11-04-19,32.25,2,sell,open,-,327.3
03-04-19 9:32,premimum > 40; type2 purchase,PE,11550,11-04-19,32.25,1,sell,open,-,327.3
04-04-19 10:19,Profit Premimum below 15,CE,11900,11-04-19,14.8,1,sell,closed,20.75,348.05
04-04-19 10:19,Profit Premimum below 15; bying again,CE,11800,11-04-19,33.25,1,sell,open,-,348.05
04-04-19 14:35,Profit Premimum below 15,CE,11800,11-04-19,14.8,1,sell,closed,18.45,366.5
04-04-19 14:35,Profit Premimum below 15; bying again,CE,11700,11-04-19,36.05,1,sell,open,-,366.5
05-04-19 15:29,Profit Premimum below 15,PE,11550,11-04-19,14.5,2,sell,closed,17.75,384.25
05-04-19 15:29,Profit Premimum below 15,PE,11550,11-04-19,14.5,1,sell,closed,17.75,402
05-04-19 15:29,Profit Premimum below 15; bying again,PE,11600,11-04-19,24.5,1,sell,open,-,402
05-04-19 15:29,premimum > 40; type2 purchase,PE,11600,11-04-19,24.5,2,sell,open,-,402
05-04-19 15:29,premimum > 40; type2 purchase (Hedging),PE,11400,11-04-19,4.15,2,buy,open,-,402
08-04-19 15:30,weekly closing,CE,11700,11-04-19,27.5,1,sell,closed,8.55,410.55
08-04-19 15:30,weekly closing,PE,11600,11-04-19,46.6,1,sell,closed,-22.1,388.45
08-04-19 15:30,weekly closing,PE,11600,11-04-19,46.6,2,sell,closed,-22.1,366.35
08-04-19 15:30,weekly closing,PE,11400,11-04-19,5.2,2,buy,closed,1.05,367.4
09-04-19 15:15,60 < RSI-D; crossover 55,PE,11500,18-04-19,26.25,1,sell,open,-,367.4
11-04-19 13:49,premimum > 40; type2 purchase,CE,11700,18-04-19,31.85,2,sell,open,-,367.4
11-04-19 13:49,premimum > 40; type2 purchase (Hedging),CE,11900,18-04-19,4.6,2,buy,open,-,367.4
11-04-19 13:49,premimum > 40; type2 purchase,CE,11700,18-04-19,31.85,1,sell,open,-,367.4
12-04-19 14:11,Profit Premimum below 15,PE,11500,18-04-19,14.75,1,sell,closed,11.5,378.9
12-04-19 14:11,Profit Premimum below 15; bying again,PE,11550,18-04-19,23.5,1,sell,open,-,378.9
15-04-19 9:31,Profit Premimum below 15,PE,11550,18-04-19,14.9,1,sell,closed,8.6,387.5
15-04-19 9:31,Profit Premimum below 15; bying again,PE,11600,18-04-19,25.5,1,sell,open,-,387.5
15-04-19 15:23,Profit Premimum below 15,PE,11600,18-04-19,14.25,1,sell,closed,11.25,398.75
15-04-19 15:23,Profit Premimum below 15; bying again,PE,11650,18-04-19,23.5,1,sell,open,-,398.75
15-04-19 15:30,weekly closing,CE,11700,18-04-19,44.4,2,sell,closed,-12.55,386.2
15-04-19 15:30,weekly closing,CE,11900,18-04-19,1.1,2,buy,closed,-3.5,382.7
15-04-19 15:30,weekly closing,CE,11700,18-04-19,44.4,1,sell,closed,-12.55,370.15
15-04-19 15:30,weekly closing,PE,11650,18-04-19,24.15,1,sell,closed,-0.65,369.5
15-04-19 15:30,weekly reopening,CE,11850,25-04-19,32.95,1,sell,open,-,369.5
16-04-19 9:30,premimum > 40; type2 purchase,PE,11600,25-04-19,26.15,2,sell,open,-,369.5
16-04-19 9:30,premimum > 40; type2 purchase,PE,11600,25-04-19,26.15,1,sell,open,-,369.5
18-04-19 9:30,Profit Premimum below 15,PE,11600,25-04-19,14.4,2,sell,closed,11.75,381.25
18-04-19 9:30,Profit Premimum below 15,PE,11600,25-04-19,14.4,1,sell,closed,11.75,393
18-04-19 9:30,Profit Premimum below 15; bying again,PE,11700,25-04-19,26.6,1,sell,open,-,393
18-04-19 9:30,premimum > 40; type2 purchase,PE,11700,25-04-19,26.6,2,sell,open,-,393
22-04-19 9:30,Profit Premimum below 15,CE,11850,25-04-19,12.5,1,sell,closed,20.45,413.45
22-04-19 9:30,Profit Premimum below 15; bying again,CE,11750,25-04-19,34.35,1,sell,open,-,413.45
22-04-19 15:20,Profit Premimum below 15,CE,11750,25-04-19,14.95,1,sell,closed,19.4,432.85
22-04-19 15:20,Profit Premimum below 15; bying again,CE,11700,25-04-19,26.25,1,sell,open,-,432.85
22-04-19 15:30,weekly closing,CE,11700,25-04-19,26.35,1,sell,closed,-0.1,432.75
30-04-19 15:15,60 < RSI-D; crossover 55,PE,11750,02-05-19,34,1,sell,open,-,432.75
30-04-19 15:30,weekly closing,PE,11750,02-05-19,33.7,1,sell,closed,0.3,433.05
02-05-19 13:15,45 < RSI-D < 60; crossunder 55,CE,11850,09-05-19,26.2,1,sell,open,-,433.05
06-05-19 9:30,Profit Premimum below 15,CE,11850,09-05-19,6.25,1,sell,closed,19.95,453
06-05-19 9:30,Profit Premimum below 15; bying again,CE,11700,09-05-19,31,1,sell,open,-,453
06-05-19 15:30,weekly closing,CE,11700,09-05-19,29,1,sell,closed,2,455
14-05-19 15:15,RSI-D < 40; crossunder 45,CE,12000,23-05-19,36,1,sell,open,-,455
20-05-19 9:39,premimum > 40; type2 purchase,PE,11000,23-05-19,40,2,sell,open,-,455
20-05-19 9:39,premimum > 40; type2 purchase,PE,11000,23-05-19,40,1,sell,open,-,455
20-05-19 10:15,40 < RSI-D < 60; crossover 70,CE,12000,23-05-19,75.55,1,sell,closed,-39.55,415.45
20-05-19 15:30,weekly closing,PE,11000,23-05-19,23.85,2,sell,closed,16.15,431.6
20-05-19 15:30,weekly closing,PE,11000,23-05-19,23.85,1,sell,closed,16.15,447.75
23-05-19 15:15,45 < RSI-D < 60; crossunder 55,CE,12050,30-05-19,28,1,sell,open,-,447.75
24-05-19 9:32,Profit Premimum below 15,CE,12050,30-05-19,15,1,sell,closed,13,460.75
24-05-19 9:32,Profit Premimum below 15; bying again,CE,11950,30-05-19,27.8,1,sell,open,-,460.75
24-05-19 13:00,premimum > 40; type2 purchase,PE,11650,30-05-19,31.1,2,sell,open,-,460.75
24-05-19 13:00,premimum > 40; type2 purchase (Hedging),PE,11250,30-05-19,4.9,2,buy,open,-,460.75
24-05-19 13:00,premimum > 40; type2 purchase,PE,11650,30-05-19,31.1,1,sell,open,-,460.75
27-05-19 11:20,Profit Premimum below 15,PE,11650,30-05-19,14.7,2,sell,closed,16.4,477.15
27-05-19 11:20,Profit Premimum below 15,PE,11650,30-05-19,14.7,1,sell,closed,16.4,493.55
27-05-19 11:20,Profit Premimum below 15; bying again,PE,11750,30-05-19,26.55,1,sell,open,-,493.55
27-05-19 15:30,weekly closing,CE,11950,30-05-19,54.35,1,sell,closed,-26.55,467
27-05-19 15:30,weekly closing,PE,11250,30-05-19,4.95,2,buy,closed,0.05,467.05
27-05-19 15:30,weekly closing,PE,11750,30-05-19,19.95,1,sell,closed,6.6,473.65
27-05-19 15:30,weekly reopening,PE,11650,06-06-19,33.75,1,sell,open,-,473.65
30-05-19 10:18,Profit Premimum below 15,PE,11650,06-06-19,14.25,1,sell,closed,19.5,493.15
30-05-19 10:18,Profit Premimum below 15; bying again,PE,11750,06-06-19,29.4,1,sell,open,-,493.15
31-05-19 9:30,Profit Premimum below 15,PE,11750,06-06-19,13.75,1,sell,closed,15.65,508.8
31-05-19 9:30,Profit Premimum below 15; bying again,PE,11850,06-06-19,30.5,1,sell,open,-,508.8
31-05-19 11:58,premimum > 40; type2 purchase,CE,12050,06-06-19,32.25,2,sell,open,-,508.8
31-05-19 11:58,premimum > 40; type2 purchase,CE,12050,06-06-19,32.25,1,sell,open,-,508.8
03-06-19 14:04,Profit Premimum below 15,PE,11850,06-06-19,14.75,1,sell,closed,15.75,524.55
03-06-19 14:04,Profit Premimum below 15; bying again,PE,11950,06-06-19,34,1,sell,open,-,524.55
03-06-19 15:30,weekly closing,CE,12050,06-06-19,73.9,2,sell,closed,-41.65,482.9
03-06-19 15:30,weekly closing,CE,12050,06-06-19,73.9,1,sell,closed,-41.65,441.25
03-06-19 15:30,weekly closing,PE,11950,06-06-19,24.5,1,sell,closed,9.5,450.75
06-06-19 9:15,60 < RSI-D; crossover 55,PE,11850,13-06-19,33.6,1,sell,open,-,450.75
06-06-19 12:20,premimum > 40; type2 purchase,CE,12050,13-06-19,32.4,2,sell,open,-,450.75
06-06-19 12:20,premimum > 40; type2 purchase,CE,12050,13-06-19,32.4,1,sell,open,-,450.75
06-06-19 14:15,60 < RSI-D; RSI-H < 35,PE,11850,13-06-19,68.75,1,sell,closed,-35.15,415.6
07-06-19 9:30,Profit Premimum below 15,CE,12050,13-06-19,8.75,2,sell,closed,23.65,439.25
07-06-19 9:30,Profit Premimum below 15,CE,12050,13-06-19,8.75,1,sell,closed,23.65,462.9
07-06-19 9:30,Profit Premimum below 15; bying again,CE,11900,13-06-19,33.9,1,sell,open,-,462.9
07-06-19 10:03,premimum > 40; type2 purchase,PE,11700,13-06-19,30.1,2,sell,open,-,462.9
07-06-19 10:03,premimum > 40; type2 purchase,PE,11700,13-06-19,30.1,1,sell,open,-,462.9
10-06-19 9:30,Profit Premimum below 15,PE,11700,13-06-19,7.35,2,sell,closed,22.75,485.65
10-06-19 9:30,Profit Premimum below 15,PE,11700,13-06-19,7.35,1,sell,closed,22.75,508.4
10-06-19 9:30,Profit Premimum below 15; bying again,PE,11900,13-06-19,35.05,1,sell,open,-,508.4
10-06-19 9:30,premimum > 40; type2 purchase,PE,11900,13-06-19,35.05,2,sell,open,-,508.4
10-06-19 9:30,premimum > 40; type2 purchase (Hedging),PE,11600,13-06-19,3.75,2,buy,open,-,508.4
10-06-19 15:30,weekly closing,CE,11900,13-06-19,61.05,1,sell,closed,-27.15,481.25
10-06-19 15:30,weekly closing,PE,11900,13-06-19,48.05,1,sell,closed,-13,468.25
10-06-19 15:30,weekly closing,PE,11900,13-06-19,48.05,2,sell,closed,-13,455.25
10-06-19 15:30,weekly closing,PE,11600,13-06-19,4.35,2,buy,closed,0.6,455.85
10-06-19 15:30,weekly reopening,PE,11700,20-06-19,30.8,1,sell,open,-,455.85
11-06-19 11:15,45 < RSI-D < 60; crossunder 55,CE,12100,20-06-19,30.7,1,sell,open,-,455.85
11-06-19 14:12,premimum > 40; type2 purchase,PE,11800,20-06-19,29.05,2,sell,open,-,455.85
12-06-19 11:12,Profit Premimum below 15,CE,12100,20-06-19,15,1,sell,closed,15.7,471.55
12-06-19 11:12,Profit Premimum below 15; bying again,CE,12000,20-06-19,36.3,1,sell,open,-,471.55
13-06-19 14:06,Profit Premimum below 15,PE,11700,20-06-19,15,1,sell,closed,15.8,487.35
13-06-19 14:06,Profit Premimum below 15; bying again,PE,11800,20-06-19,33.3,1,sell,open,-,487.35
14-06-19 15:08,Profit Premimum below 15,CE,12000,20-06-19,14.85,1,sell,closed,21.45,508.8
14-06-19 15:08,Profit Premimum below 15; bying again,CE,11950,20-06-19,24,1,sell,open,-,508.8
17-06-19 9:30,Profit Premimum below 15,CE,11950,20-06-19,9.95,1,sell,closed,14.05,522.85
17-06-19 9:30,Profit Premimum below 15; bying again,CE,11850,20-06-19,25.9,1,sell,open,-,522.85
17-06-19 10:15,40 < RSI-D < 60; crossunder 30,PE,11800,20-06-19,85.5,2,sell,closed,-56.45,466.4
17-06-19 10:15,40 < RSI-D < 60; crossunder 30,PE,11800,20-06-19,85.5,1,sell,closed,-52.2,414.2
17-06-19 14:44,Profit Premimum below 15,CE,11850,20-06-19,15,1,sell,closed,10.9,425.1
17-06-19 14:44,Profit Premimum below 15; bying again,CE,11800,20-06-19,23.9,1,sell,open,-,425.1
17-06-19 15:30,weekly closing,CE,11800,20-06-19,21.2,1,sell,closed,2.7,427.8
21-06-19 10:15,45 < RSI-D < 60; crossunder 55,CE,11950,27-06-19,24.8,1,sell,open,-,427.8
21-06-19 13:57,Profit Premimum below 15,CE,11950,27-06-19,14.5,1,sell,closed,10.3,438.1
21-06-19 13:57,Profit Premimum below 15; bying again,CE,11900,27-06-19,23.9,1,sell,open,-,438.1
24-06-19 9:42,Profit Premimum below 15,CE,11900,27-06-19,14.85,1,sell,closed,9.05,447.15
24-06-19 9:42,Profit Premimum below 15; bying again,CE,11850,27-06-19,24.8,1,sell,open,-,447.15
24-06-19 14:35,Profit Premimum below 15,CE,11850,27-06-19,15,1,sell,closed,9.8,456.95
24-06-19 14:35,Profit Premimum below 15; bying again,CE,11800,27-06-19,25.75,1,sell,open,-,456.95
24-06-19 15:30,weekly closing,CE,11800,27-06-19,30.95,1,sell,closed,-5.2,451.75
28-06-19 11:15,45 < RSI-D < 60; crossunder 55,CE,11950,04-07-19,32,1,sell,open,-,451.75
01-07-19 15:30,weekly closing,CE,11950,04-07-19,27.75,1,sell,closed,4.25,456
02-07-19 10:15,45 < RSI-D < 60; crossunder 55,CE,12100,11-07-19,32.3,1,sell,open,-,456
02-07-19 15:22,premimum > 40; type2 purchase,PE,11650,11-07-19,26.5,2,sell,open,-,456
02-07-19 15:22,premimum > 40; type2 purchase,PE,11650,11-07-19,26.5,1,sell,open,-,456
04-07-19 9:30,Profit Premimum below 15,PE,11650,11-07-19,14.95,2,sell,closed,11.55,467.55
04-07-19 9:30,Profit Premimum below 15,PE,11650,11-07-19,14.95,1,sell,closed,11.55,479.1
04-07-19 9:30,Profit Premimum below 15; bying again,PE,11750,11-07-19,29.25,1,sell,open,-,479.1
04-07-19 14:55,premimum > 40; type2 purchase,PE,11800,11-07-19,33.5,2,sell,open,-,479.1
04-07-19 14:55,premimum > 40; type2 purchase (Hedging),PE,11450,11-07-19,4.4,2,buy,open,-,479.1
05-07-19 13:08,Profit Premimum below 15,CE,12100,11-07-19,13.85,1,sell,closed,18.45,497.55
05-07-19 13:08,Profit Premimum below 15; bying again,CE,12000,11-07-19,34.75,1,sell,open,-,497.55
05-07-19 15:07,Profit Premimum below 15,CE,12000,11-07-19,14.8,1,sell,closed,19.95,517.5
05-07-19 15:07,Profit Premimum below 15; bying again,CE,11950,11-07-19,23.75,1,sell,open,-,517.5
08-07-19 9:15,40 < RSI-D < 60; crossunder 30,PE,11750,11-07-19,76.7,1,sell,closed,-47.45,470.05
08-07-19 9:30,Profit Premimum below 15,CE,11950,11-07-19,5.25,1,sell,closed,18.5,488.55
08-07-19 9:30,Profit Premimum below 15; bying again,CE,11750,11-07-19,31.7,1,sell,open,-,488.55
08-07-19 13:53,Profit Premimum below 15,CE,11750,11-07-19,14.95,1,sell,closed,16.75,505.3
08-07-19 13:53,Profit Premimum below 15; bying again,CE,11700,11-07-19,24.65,1,sell,open,-,505.3
08-07-19 14:24,Profit Premimum below 15,CE,11700,11-07-19,14.55,1,sell,closed,10.1,515.4
08-07-19 14:24,Profit Premimum below 15; bying again,CE,11600,11-07-19,34.25,1,sell,open,-,515.4
08-07-19 15:30,weekly closing,PE,11450,11-07-19,25,2,buy,closed,20.6,536
08-07-19 15:30,weekly closing,CE,11600,11-07-19,45.35,1,sell,closed,-11.1,524.9
11-07-19 11:15,RSI-D < 40; crossunder 40,CE,11650,18-07-19,36.05,1,sell,open,-,524.9
12-07-19 13:13,premimum > 40; type2 purchase,PE,11550,18-07-19,29.85,2,sell,open,-,524.9
12-07-19 13:13,premimum > 40; type2 purchase,PE,11550,18-07-19,29.85,1,sell,open,-,524.9
15-07-19 10:48,Profit Premimum below 15,CE,11650,18-07-19,14.4,1,sell,closed,21.65,546.55
15-07-19 10:48,Profit Premimum below 15; bying again,CE,11600,18-07-19,26.45,1,sell,open,-,546.55
15-07-19 15:30,weekly closing,PE,11550,18-07-19,34.8,2,sell,closed,-4.95,541.6
15-07-19 15:30,weekly closing,PE,11550,18-07-19,34.8,1,sell,closed,-4.95,536.65
15-07-19 15:30,weekly closing,CE,11600,18-07-19,38.95,1,sell,closed,-12.5,524.15
18-07-19 11:15,45 < RSI-D < 60; crossunder 55,CE,11750,25-07-19,23.4,1,sell,open,-,524.15
18-07-19 15:05,Profit Premimum below 15,CE,11750,25-07-19,14.55,1,sell,closed,8.85,533
18-07-19 15:05,Profit Premimum below 15; bying again,CE,11700,25-07-19,26.35,1,sell,open,-,533
19-07-19 10:00,Profit Premimum below 15,CE,11700,25-07-19,14.8,1,sell,closed,11.55,544.55
19-07-19 10:00,Profit Premimum below 15; bying again,CE,11650,25-07-19,23.55,1,sell,open,-,544.55
19-07-19 11:18,Profit Premimum below 15,CE,11650,25-07-19,14.85,1,sell,closed,8.7,553.25
19-07-19 11:18,Profit Premimum below 15; bying again,CE,11600,25-07-19,24.2,1,sell,open,-,553.25
19-07-19 13:46,Profit Premimum below 15,CE,11600,25-07-19,14.5,1,sell,closed,9.7,562.95
19-07-19 13:46,Profit Premimum below 15; bying again,CE,11500,25-07-19,36.45,1,sell,open,-,562.95
22-07-19 9:30,Profit Premimum below 15,CE,11500,25-07-19,13.2,1,sell,closed,23.25,586.2
22-07-19 9:30,Profit Premimum below 15; bying again,CE,11400,25-07-19,35.4,1,sell,open,-,586.2
22-07-19 10:18,premimum > 40; type2 purchase,PE,11250,25-07-19,23.85,2,sell,open,-,586.2
22-07-19 10:18,premimum > 40; type2 purchase (Hedging),PE,11050,25-07-19,4.85,2,buy,open,-,586.2
22-07-19 10:18,premimum > 40; type2 purchase,PE,11250,25-07-19,23.85,1,sell,open,-,586.2
22-07-19 11:15,RSI-D < 40; RSI-H < 30,PE,11250,25-07-19,25.4,2,sell,closed,-1.55,584.65
22-07-19 11:15,RSI-D < 40; RSI-H < 30,PE,11250,25-07-19,25.4,1,sell,closed,-1.55,583.1
22-07-19 15:30,weekly closing,CE,11400,25-07-19,32.5,1,sell,closed,2.9,586
22-07-19 15:30,weekly closing,PE,11050,25-07-19,5.1,2,buy,closed,0.25,586.25
22-07-19 15:30,weekly reopening,PE,11150,01-08-19,27.75,1,sell,open,-,586.25
23-07-19 14:15,Profit Premimum below 15,PE,11150,01-08-19,14.85,1,sell,closed,12.9,599.15
23-07-19 14:15,Profit Premimum below 15; bying again,PE,11250,01-08-19,28.4,1,sell,open,-,599.15
23-07-19 14:40,premimum > 40; type2 purchase,CE,11450,01-08-19,35.3,2,sell,open,-,599.15
23-07-19 14:40,premimum > 40; type2 purchase (Hedging),CE,11750,01-08-19,4.9,2,buy,open,-,599.15
23-07-19 14:40,premimum > 40; type2 purchase,CE,11450,01-08-19,35.3,1,sell,open,-,599.15
24-07-19 10:15,RSI-D < 40; RSI-H < 30,PE,11250,01-08-19,69.7,1,sell,closed,-41.3,557.85
24-07-19 14:45,Profit Premimum below 15,CE,11450,01-08-19,14.9,2,sell,closed,20.4,578.25
24-07-19 14:45,Profit Premimum below 15,CE,11450,01-08-19,14.9,1,sell,closed,20.4,598.65
24-07-19 14:45,Profit Premimum below 15; bying again,CE,11350,01-08-19,34.95,1,sell,open,-,598.65
29-07-19 11:30,Profit Premimum below 15,CE,11350,01-08-19,14.5,1,sell,closed,20.45,619.1
29-07-19 11:30,Profit Premimum below 15; bying again,CE,11300,01-08-19,27,1,sell,open,-,619.1
29-07-19 15:30,weekly closing,CE,11750,01-08-19,0.55,2,buy,closed,-4.35,614.75
29-07-19 15:30,weekly closing,CE,11300,01-08-19,23.25,1,sell,closed,3.75,618.5
29-07-19 15:30,weekly reopening,CE,11400,08-08-19,29.4,1,sell,open,-,618.5
30-07-19 15:06,Profit Premimum below 15,CE,11400,08-08-19,14.9,1,sell,closed,14.5,633
30-07-19 15:06,Profit Premimum below 15; bying again,CE,11300,08-08-19,27.35,1,sell,open,-,633
01-08-19 9:30,Profit Premimum below 15,CE,11300,08-08-19,13.9,1,sell,closed,13.45,646.45
01-08-19 9:30,Profit Premimum below 15; bying again,CE,11200,08-08-19,33.85,1,sell,open,-,646.45
01-08-19 13:49,Profit Premimum below 15,CE,11200,08-08-19,14.9,1,sell,closed,18.95,665.4
01-08-19 13:49,Profit Premimum below 15; bying again,CE,11100,08-08-19,33.95,1,sell,open,-,665.4
01-08-19 15:13,premimum > 40; type2 purchase,PE,10850,08-08-19,31,2,sell,open,-,665.4
01-08-19 15:13,premimum > 40; type2 purchase,PE,10850,08-08-19,31,1,sell,open,-,665.4
02-08-19 10:15,RSI-D < 40; RSI-H < 30,PE,10850,08-08-19,77,2,sell,closed,-46,619.4
02-08-19 10:15,RSI-D < 40; RSI-H < 30,PE,10850,08-08-19,77,1,sell,closed,-46,573.4
02-08-19 13:27,premimum > 40; type2 purchase,PE,10800,08-08-19,30.15,2,sell,open,-,573.4
02-08-19 13:27,premimum > 40; type2 purchase,PE,10800,08-08-19,30.15,1,sell,open,-,573.4
05-08-19 9:30,Profit Premimum below 15,CE,11100,08-08-19,13.85,1,sell,closed,20.1,593.5
05-08-19 9:30,Profit Premimum below 15; bying again,CE,11000,08-08-19,31.55,1,sell,open,-,593.5
05-08-19 15:30,weekly closing,PE,10800,08-08-19,60,2,sell,closed,-29.85,563.65
05-08-19 15:30,weekly closing,PE,10800,08-08-19,60,1,sell,closed,-29.85,533.8
05-08-19 15:30,weekly closing,CE,11000,08-08-19,38.1,1,sell,closed,-6.55,527.25
14-08-19 11:15,RSI-D < 40; no open positions and supertrend changes from down to up,PE,10800,22-08-19,29.15,1,sell,open,-,527.25
19-08-19 9:30,Profit Premimum below 15,PE,10800,22-08-19,12.85,1,sell,closed,16.3,543.55
19-08-19 9:30,Profit Premimum below 15; bying again,PE,10950,22-08-19,34.35,1,sell,open,-,543.55
19-08-19 14:41,premimum > 40; type2 purchase,CE,11150,22-08-19,27.8,2,sell,open,-,543.55
19-08-19 14:41,premimum > 40; type2 purchase (Hedging),CE,11350,22-08-19,2.95,2,buy,open,-,543.55
19-08-19 14:41,premimum > 40; type2 purchase,CE,11150,22-08-19,27.8,1,sell,open,-,543.55
19-08-19 15:30,weekly closing,PE,10950,22-08-19,36.05,1,sell,closed,-1.7,541.85
19-08-19 15:30,weekly closing,CE,11150,22-08-19,33.7,2,sell,closed,-5.9,535.95
19-08-19 15:30,weekly closing,CE,11350,22-08-19,3.7,2,buy,closed,0.75,536.7
19-08-19 15:30,weekly closing,CE,11150,22-08-19,33.7,1,sell,closed,-5.9,530.8
19-08-19 15:30,weekly reopening,CE,11300,29-08-19,32,1,sell,open,-,530.8
21-08-19 11:51,Profit Premimum below 15,CE,11300,29-08-19,15,1,sell,closed,17,547.8
21-08-19 11:51,Profit Premimum below 15; bying again,CE,11200,29-08-19,31.1,1,sell,open,-,547.8
22-08-19 9:55,Profit Premimum below 15,CE,11200,29-08-19,14.65,1,sell,closed,16.45,564.25
22-08-19 9:55,Profit Premimum below 15; bying again,CE,11100,29-08-19,28.6,1,sell,open,-,564.25
22-08-19 14:05,Profit Premimum below 15,CE,11100,29-08-19,14.95,1,sell,closed,13.65,577.9
22-08-19 14:05,Profit Premimum below 15; bying again,CE,11000,29-08-19,27.5,1,sell,open,-,577.9
23-08-19 9:30,Profit Premimum below 15,CE,11000,29-08-19,12.75,1,sell,closed,14.75,592.65
23-08-19 9:30,Profit Premimum below 15; bying again,CE,10900,29-08-19,25.4,1,sell,open,-,592.65
23-08-19 10:34,premimum > 40; type2 purchase,PE,10550,29-08-19,28,2,sell,open,-,592.65
23-08-19 10:34,premimum > 40; type2 purchase,PE,10550,29-08-19,28,1,sell,open,-,592.65
23-08-19 10:39,RSI < 30 and nifty crossover supertrend,PE,10550,29-08-19,24.25,2,sell,closed,3.75,596.4
23-08-19 10:39,RSI < 30 and nifty crossover supertrend,PE,10550,29-08-19,24.25,1,sell,closed,3.75,600.15
23-08-19 10:40,premimum > 40; type2 purchase,PE,10600,29-08-19,31.3,2,sell,open,-,600.15
23-08-19 10:40,premimum > 40; type2 purchase,PE,10600,29-08-19,31.3,1,sell,open,-,600.15
23-08-19 10:48,RSI < 30 and nifty crossover supertrend,PE,10600,29-08-19,38,2,sell,closed,-6.7,593.45
23-08-19 10:48,RSI < 30 and nifty crossover supertrend,PE,10600,29-08-19,38,1,sell,closed,-6.7,586.75
23-08-19 10:49,premimum > 40; type2 purchase,PE,10550,29-08-19,26.9,2,sell,open,-,586.75
23-08-19 10:49,premimum > 40; type2 purchase,PE,10550,29-08-19,26.9,1,sell,open,-,586.75
23-08-19 10:53,RSI < 30 and nifty crossover supertrend,PE,10550,29-08-19,25.85,2,sell,closed,1.05,587.8
23-08-19 10:53,RSI < 30 and nifty crossover supertrend,PE,10550,29-08-19,25.85,1,sell,closed,1.05,588.85
23-08-19 10:54,premimum > 40; type2 purchase,PE,10550,29-08-19,28,2,sell,open,-,588.85
23-08-19 10:54,premimum > 40; type2 purchase,PE,10550,29-08-19,28,1,sell,open,-,588.85
23-08-19 11:01,RSI < 30 and nifty crossover supertrend,PE,10550,29-08-19,27.05,2,sell,closed,0.95,589.8
23-08-19 11:01,RSI < 30 and nifty crossover supertrend,PE,10550,29-08-19,27.05,1,sell,closed,0.95,590.75
23-08-19 11:02,premimum > 40; type2 purchase,PE,10550,29-08-19,28.2,2,sell,open,-,590.75
23-08-19 11:02,premimum > 40; type2 purchase,PE,10550,29-08-19,28.2,1,sell,open,-,590.75
23-08-19 11:15,RSI-D < 40; RSI-H < 30,PE,10550,29-08-19,31.05,2,sell,closed,-2.85,587.9
23-08-19 11:15,RSI-D < 40; RSI-H < 30,PE,10550,29-08-19,31.05,1,sell,closed,-2.85,585.05
23-08-19 11:25,premimum > 40; type2 purchase,PE,10550,29-08-19,28.85,2,sell,open,-,585.05
23-08-19 11:25,premimum > 40; type2 purchase,PE,10550,29-08-19,28.85,1,sell,open,-,585.05
23-08-19 12:15,RSI-D < 40; RSI-H < 30,PE,10550,29-08-19,27.75,2,sell,closed,1.1,586.15
23-08-19 12:15,RSI-D < 40; RSI-H < 30,PE,10550,29-08-19,27.75,1,sell,closed,1.1,587.25
23-08-19 12:15,premimum > 40; type2 purchase,PE,10550,29-08-19,27.75,2,sell,open,-,587.25
23-08-19 12:15,premimum > 40; type2 purchase,PE,10550,29-08-19,27.75,1,sell,open,-,587.25
23-08-19 12:50,RSI < 30 and nifty crossover supertrend,PE,10550,29-08-19,25.2,2,sell,closed,2.55,589.8
23-08-19 12:50,RSI < 30 and nifty crossover supertrend,PE,10550,29-08-19,25.2,1,sell,closed,2.55,592.35
23-08-19 12:51,premimum > 40; type2 purchase,PE,10550,29-08-19,26.1,2,sell,open,-,592.35
23-08-19 12:51,premimum > 40; type2 purchase,PE,10550,29-08-19,26.1,1,sell,open,-,592.35
23-08-19 12:55,RSI < 30 and nifty crossover supertrend,PE,10550,29-08-19,26.05,2,sell,closed,0.05,592.4
23-08-19 12:55,RSI < 30 and nifty crossover supertrend,PE,10550,29-08-19,26.05,1,sell,closed,0.05,592.45
23-08-19 12:56,premimum > 40; type2 purchase,PE,10550,29-08-19,25.8,2,sell,open,-,592.45
23-08-19 12:56,premimum > 40; type2 purchase,PE,10550,29-08-19,25.8,1,sell,open,-,592.45
23-08-19 13:06,RSI < 30 and nifty crossover supertrend,PE,10550,29-08-19,23.95,2,sell,closed,1.85,594.3
23-08-19 13:06,RSI < 30 and nifty crossover supertrend,PE,10550,29-08-19,23.95,1,sell,closed,1.85,596.15
23-08-19 13:07,premimum > 40; type2 purchase,PE,10600,29-08-19,32.75,2,sell,open,-,596.15
23-08-19 13:07,premimum > 40; type2 purchase,PE,10600,29-08-19,32.75,1,sell,open,-,596.15
26-08-19 11:43,Profit Premimum below 15,PE,10600,29-08-19,14.9,2,sell,closed,17.85,614
26-08-19 11:43,Profit Premimum below 15,PE,10600,29-08-19,14.9,1,sell,closed,17.85,631.85
26-08-19 11:43,Profit Premimum below 15; bying again,PE,10700,29-08-19,26.7,1,sell,open,-,631.85
26-08-19 11:43,premimum > 40; type2 purchase,PE,10700,29-08-19,26.7,2,sell,open,-,631.85
26-08-19 13:47,Profit Premimum below 15,PE,10700,29-08-19,14.45,1,sell,closed,12.25,644.1
26-08-19 13:47,Profit Premimum below 15,PE,10700,29-08-19,14.45,2,sell,closed,12.25,656.35
26-08-19 13:47,Profit Premimum below 15; bying again,PE,10850,29-08-19,31,1,sell,open,-,656.35
26-08-19 15:30,weekly closing,PE,10850,29-08-19,24.1,1,sell,closed,6.9,663.25
28-08-19 13:15,45 < RSI-D < 60; crossunder 55,CE,11250,05-09-19,32.15,1,sell,open,-,663.25
29-08-19 12:18,Profit Premimum below 15,CE,11250,05-09-19,15,1,sell,closed,17.15,680.4
29-08-19 12:18,Profit Premimum below 15; bying again,CE,11150,05-09-19,30.6,1,sell,open,-,680.4
29-08-19 14:08,premimum > 40; type2 purchase,PE,10850,05-09-19,33.15,2,sell,open,-,680.4
29-08-19 14:08,premimum > 40; type2 purchase,PE,10850,05-09-19,33.15,1,sell,open,-,680.4
03-09-19 9:30,Profit Premimum below 15,CE,11150,05-09-19,8.95,1,sell,closed,21.65,702.05
03-09-19 9:30,Profit Premimum below 15; bying again,CE,11050,05-09-19,26.2,1,sell,open,-,702.05
03-09-19 14:40,Profit Premimum below 15,CE,11050,05-09-19,15,1,sell,closed,11.2,713.25
03-09-19 14:40,Profit Premimum below 15; bying again,CE,11000,05-09-19,24.9,1,sell,open,-,713.25
03-09-19 15:15,Profit Premimum below 15,CE,11000,05-09-19,14.85,1,sell,closed,10.05,723.3
03-09-19 15:15,Profit Premimum below 15; bying again,CE,10950,05-09-19,23.9,1,sell,open,-,723.3
03-09-19 15:30,weekly closing,CE,10950,05-09-19,16.65,1,sell,closed,7.25,730.55
12-09-19 15:15,45 < RSI-D < 60; crossunder 55,CE,11100,19-09-19,31.7,1,sell,open,-,730.55
13-09-19 14:18,premimum > 40; type2 purchase,PE,10950,19-09-19,30.55,2,sell,open,-,730.55
13-09-19 14:18,premimum > 40; type2 purchase (Hedging),PE,10700,19-09-19,4.4,2,buy,open,-,730.55
13-09-19 14:18,premimum > 40; type2 purchase,PE,10950,19-09-19,30.55,1,sell,open,-,730.55
16-09-19 15:30,weekly closing,CE,11100,19-09-19,24.55,1,sell,closed,7.15,737.7
16-09-19 15:30,weekly closing,PE,10950,19-09-19,38,2,sell,closed,-7.45,730.25
16-09-19 15:30,weekly closing,PE,10700,19-09-19,4.05,2,buy,closed,-0.35,729.9
16-09-19 15:30,weekly closing,PE,10950,19-09-19,38,1,sell,closed,-7.45,722.45
16-09-19 15:30,weekly reopening,PE,10750,26-09-19,28.7,1,sell,open,-,722.45
17-09-19 10:45,premimum > 40; type2 purchase,CE,11150,26-09-19,30.5,2,sell,open,-,722.45
17-09-19 10:45,premimum > 40; type2 purchase (Hedging),CE,11400,26-09-19,4,2,buy,open,-,722.45
17-09-19 10:45,premimum > 40; type2 purchase,CE,11150,26-09-19,30.5,1,sell,open,-,722.45
17-09-19 14:15,40 < RSI-D < 60; crossunder 30,PE,10750,26-09-19,86.5,1,sell,closed,-57.8,664.65
17-09-19 15:09,Profit Premimum below 15,CE,11150,26-09-19,15,2,sell,closed,15.5,680.15
17-09-19 15:09,Profit Premimum below 15,CE,11150,26-09-19,15,1,sell,closed,15.5,695.65
17-09-19 15:09,Profit Premimum below 15; bying again,CE,11050,26-09-19,31.7,1,sell,open,-,695.65
19-09-19 9:30,Profit Premimum below 15,CE,11050,26-09-19,13.15,1,sell,closed,18.55,714.2
19-09-19 9:30,Profit Premimum below 15; bying again,CE,10950,26-09-19,30.1,1,sell,open,-,714.2
19-09-19 14:46,Profit Premimum below 15,CE,10950,26-09-19,14.95,1,sell,closed,15.15,729.35
19-09-19 14:46,Profit Premimum below 15; bying again,CE,10850,26-09-19,31.3,1,sell,open,-,729.35
25-09-19 15:15,60 < RSI-D; crossover 55,PE,11250,03-10-19,30.4,1,sell,open,-,729.35
26-09-19 9:15,45 < RSI-D < 60; crossunder 55,CE,11750,03-10-19,27.2,1,sell,open,-,729.35
26-09-19 10:18,Profit Premimum below 15,PE,11250,03-10-19,15,1,sell,closed,15.4,744.75
26-09-19 10:18,Profit Premimum below 15; bying again,PE,11350,03-10-19,26.7,1,sell,open,-,744.75
26-09-19 10:20,premimum > 40; type2 purchase,PE,11350,03-10-19,26.45,2,sell,open,-,744.75
26-09-19 10:20,premimum > 40; type2 purchase (Hedging),PE,10900,03-10-19,4.95,2,buy,open,-,744.75
30-09-19 9:30,Profit Premimum below 15,CE,11750,03-10-19,10.85,1,sell,closed,16.35,761.1
30-09-19 9:30,Profit Premimum below 15; bying again,CE,11600,03-10-19,33.3,1,sell,open,-,761.1
30-09-19 12:20,Profit Premimum below 15,CE,11600,03-10-19,14.9,1,sell,closed,18.4,779.5
30-09-19 12:20,Profit Premimum below 15; bying again,CE,11500,03-10-19,34.5,1,sell,open,-,779.5
30-09-19 14:24,Profit Premimum below 15,PE,11350,03-10-19,15,1,sell,closed,11.7,791.2
30-09-19 14:24,Profit Premimum below 15,PE,11350,03-10-19,15,2,sell,closed,11.45,802.65
30-09-19 14:24,Profit Premimum below 15; bying again,PE,11450,03-10-19,35.75,1,sell,open,-,802.65
30-09-19 15:30,weekly closing,PE,10900,03-10-19,1.65,2,buy,closed,-3.3,799.35
30-09-19 15:30,weekly closing,CE,11500,03-10-19,60,1,sell,closed,-25.5,773.85
30-09-19 15:30,weekly closing,PE,11450,03-10-19,38.05,1,sell,closed,-2.3,771.55
30-09-19 15:30,weekly reopening,PE,11250,10-10-19,29.95,1,sell,open,-,771.55
01-10-19 12:15,45 < RSI-D < 60; crossunder 55,CE,11750,10-10-19,30.6,1,sell,open,-,771.55
01-10-19 13:35,premimum > 40; type2 purchase,CE,11700,10-10-19,32.6,2,sell,open,-,771.55
03-10-19 10:05,Profit Premimum below 15,CE,11750,10-10-19,15,1,sell,closed,15.6,787.15
03-10-19 10:05,Profit Premimum below 15; bying again,CE,11600,10-10-19,32.75,1,sell,open,-,787.15
03-10-19 13:24,Profit Premimum below 15,CE,11700,10-10-19,14.35,2,sell,closed,18.25,805.4
03-10-19 13:24,premimum > 40; type2 purchase,CE,11600,10-10-19,27.3,2,sell,open,-,805.4
03-10-19 13:24,premimum > 40; type2 purchase (Hedging),CE,11900,10-10-19,4.8,2,buy,open,-,805.4
04-10-19 12:02,Profit Premimum below 15,CE,11600,10-10-19,14.9,1,sell,closed,17.85,823.25
04-10-19 12:02,Profit Premimum below 15,CE,11600,10-10-19,14.9,2,sell,closed,12.4,835.65
04-10-19 12:02,Profit Premimum below 15; bying again,CE,11500,10-10-19,31.2,1,sell,open,-,835.65
04-10-19 15:03,Profit Premimum below 15,CE,11500,10-10-19,15,1,sell,closed,16.2,851.85
04-10-19 15:03,Profit Premimum below 15; bying again,CE,11400,10-10-19,27.25,1,sell,open,-,851.85
07-10-19 9:30,Profit Premimum below 15,CE,11400,10-10-19,12.65,1,sell,closed,14.6,866.45
07-10-19 9:30,Profit Premimum below 15; bying again,CE,11300,10-10-19,27.3,1,sell,open,-,866.45
07-10-19 15:03,Profit Premimum below 15,CE,11300,10-10-19,15,1,sell,closed,12.3,878.75
07-10-19 15:03,Profit Premimum below 15; bying again,CE,11250,10-10-19,23.6,1,sell,open,-,878.75
07-10-19 15:30,weekly closing,CE,11900,10-10-19,1.1,2,buy,closed,-3.7,875.05
07-10-19 15:30,weekly closing,CE,11250,10-10-19,21.4,1,sell,closed,2.2,877.25
23-10-19 10:15,60 < RSI-D; crossover 55,PE,11400,31-10-19,32.7,1,sell,open,-,877.25
25-10-19 14:39,Profit Premimum below 15,PE,11400,31-10-19,14.9,1,sell,closed,17.8,895.05
25-10-19 14:39,Profit Premimum below 15; bying again,PE,11500,31-10-19,31.4,1,sell,open,-,895.05
29-10-19 9:32,Profit Premimum below 15,PE,11500,31-10-19,14.8,1,sell,closed,16.6,911.65
29-10-19 9:32,Profit Premimum below 15; bying again,PE,11550,31-10-19,24.15,1,sell,open,-,911.65
29-10-19 10:34,Profit Premimum below 15,PE,11550,31-10-19,14.65,1,sell,closed,9.5,921.15
29-10-19 10:34,Profit Premimum below 15; bying again,PE,11650,31-10-19,32.45,1,sell,open,-,921.15
29-10-19 14:00,Profit Premimum below 15,PE,11650,31-10-19,14.1,1,sell,closed,18.35,939.5
29-10-19 14:00,Profit Premimum below 15; bying again,PE,11750,31-10-19,32.35,1,sell,open,-,939.5
29-10-19 15:30,weekly closing,PE,11750,31-10-19,32.55,1,sell,closed,-0.2,939.3
06-11-19 9:15,60 < RSI-D; crossover 55,PE,11700,14-11-19,35,1,sell,open,-,939.3
07-11-19 9:30,Profit Premimum below 15,PE,11700,14-11-19,11.8,1,sell,closed,23.2,962.5
07-11-19 9:30,Profit Premimum below 15; bying again,PE,11850,14-11-19,35.4,1,sell,open,-,962.5
07-11-19 10:19,premimum > 40; type2 purchase,CE,12150,14-11-19,25,2,sell,open,-,962.5
07-11-19 10:19,premimum > 40; type2 purchase,CE,12150,14-11-19,25,1,sell,open,-,962.5
08-11-19 10:36,Profit Premimum below 15,CE,12150,14-11-19,14.05,2,sell,closed,10.95,973.45
08-11-19 10:36,Profit Premimum below 15,CE,12150,14-11-19,14.05,1,sell,closed,10.95,984.4
08-11-19 10:36,Profit Premimum below 15; bying again,CE,12050,14-11-19,34.1,1,sell,open,-,984.4
08-11-19 12:04,premimum > 40; type2 purchase,PE,11850,14-11-19,28.65,2,sell,open,-,984.4
08-11-19 12:04,premimum > 40; type2 purchase (Hedging),PE,11600,14-11-19,4.35,2,buy,open,-,984.4
11-11-19 11:16,Profit Premimum below 15,CE,12050,14-11-19,14.75,1,sell,closed,19.35,1003.75
11-11-19 11:16,Profit Premimum below 15; bying again,CE,11950,14-11-19,34.95,1,sell,open,-,1003.75
11-11-19 15:30,weekly closing,PE,11850,14-11-19,24.7,1,sell,closed,10.7,1014.45
11-11-19 15:30,weekly closing,PE,11850,14-11-19,24.7,2,sell,closed,3.95,1018.4
11-11-19 15:30,weekly closing,PE,11600,14-11-19,1.85,2,buy,closed,-2.5,1015.9
11-11-19 15:30,weekly closing,CE,11950,14-11-19,44,1,sell,closed,-9.05,1006.85
11-11-19 15:30,weekly reopening,PE,11700,21-11-19,32.7,1,sell,open,-,1006.85
15-11-19 9:30,Profit Premimum below 15,PE,11700,21-11-19,13,1,sell,closed,19.7,1026.55
15-11-19 9:30,Profit Premimum below 15; bying again,PE,11800,21-11-19,29.3,1,sell,open,-,1026.55
18-11-19 15:30,weekly closing,PE,11800,21-11-19,22.5,1,sell,closed,6.8,1033.35
19-11-19 12:15,60 < RSI-D; crossover 55,PE,11750,28-11-19,32.75,1,sell,open,-,1033.35
25-11-19 9:30,Profit Premimum below 15,PE,11750,28-11-19,7.25,1,sell,closed,25.5,1058.85
25-11-19 9:30,Profit Premimum below 15; bying again,PE,11900,28-11-19,34.65,1,sell,open,-,1058.85
25-11-19 13:50,Profit Premimum below 15,PE,11900,28-11-19,14.2,1,sell,closed,20.45,1079.3
25-11-19 13:50,Profit Premimum below 15; bying again,PE,12000,28-11-19,32.3,1,sell,open,-,1079.3
25-11-19 15:30,weekly closing,PE,12000,28-11-19,25.75,1,sell,closed,6.55,1085.85
27-11-19 9:15,60 < RSI-D; crossover 55,PE,11900,05-12-19,26.05,1,sell,open,-,1085.85
28-11-19 11:44,Profit Premimum below 15,PE,11900,05-12-19,15,1,sell,closed,11.05,1096.9
28-11-19 11:44,Profit Premimum below 15; bying again,PE,12000,05-12-19,32.7,1,sell,open,-,1096.9
29-11-19 11:42,premimum > 40; type2 purchase,CE,12150,05-12-19,29.1,2,sell,open,-,1096.9
29-11-19 11:42,premimum > 40; type2 purchase (Hedging),CE,12350,05-12-19,3.95,2,buy,open,-,1096.9
29-11-19 11:42,premimum > 40; type2 purchase,CE,12150,05-12-19,29.1,1,sell,open,-,1096.9
02-12-19 15:30,weekly closing,PE,12000,05-12-19,35,1,sell,closed,-2.3,1094.6
02-12-19 15:30,weekly closing,CE,12150,05-12-19,22.05,2,sell,closed,7.05,1101.65
02-12-19 15:30,weekly closing,CE,12350,05-12-19,1.6,2,buy,closed,-2.35,1099.3
02-12-19 15:30,weekly closing,CE,12150,05-12-19,22.05,1,sell,closed,7.05,1106.35
02-12-19 15:30,weekly reopening,CE,12250,12-12-19,28,1,sell,open,-,1106.35
03-12-19 11:36,Profit Premimum below 15,CE,12250,12-12-19,14.5,1,sell,closed,13.5,1119.85
03-12-19 11:36,Profit Premimum below 15; bying again,CE,12150,12-12-19,34.4,1,sell,open,-,1119.85
06-12-19 13:53,Profit Premimum below 15,CE,12150,12-12-19,14.9,1,sell,closed,19.5,1139.35
06-12-19 13:53,Profit Premimum below 15; bying again,CE,12050,12-12-19,35.3,1,sell,open,-,1139.35
09-12-19 15:30,weekly closing,CE,12050,12-12-19,18.45,1,sell,closed,16.85,1156.2
12-12-19 11:15,45 < RSI-D < 60; crossunder 55,CE,12100,19-12-19,23.35,1,sell,open,-,1156.2
13-12-19 9:32,premimum > 40; type2 purchase,PE,11950,19-12-19,27,2,sell,open,-,1156.2
13-12-19 9:32,premimum > 40; type2 purchase (Hedging),PE,11750,19-12-19,4.5,2,buy,open,-,1156.2
13-12-19 9:32,premimum > 40; type2 purchase,PE,11950,19-12-19,27,1,sell,open,-,1156.2
13-12-19 10:15,40 < RSI-D < 60; crossover 70,CE,12100,19-12-19,55.45,1,sell,closed,-32.1,1124.1
16-12-19 13:15,Profit Premimum below 15,PE,11950,19-12-19,13.75,2,sell,closed,13.25,1137.35
16-12-19 13:15,Profit Premimum below 15,PE,11950,19-12-19,13.75,1,sell,closed,13.25,1150.6
16-12-19 13:15,Profit Premimum below 15; bying again,PE,12000,19-12-19,23.05,1,sell,open,-,1150.6
16-12-19 15:30,weekly closing,PE,11750,19-12-19,3.25,2,buy,closed,-1.25,1149.35
16-12-19 15:30,weekly closing,PE,12000,19-12-19,28.5,1,sell,closed,-5.45,1143.9
16-12-19 15:30,weekly reopening,PE,11850,26-12-19,28.05,1,sell,open,-,1143.9
17-12-19 14:58,Profit Premimum below 15,PE,11850,26-12-19,14.8,1,sell,closed,13.25,1157.15
17-12-19 14:58,Profit Premimum below 15; bying again,PE,12000,26-12-19,32.05,1,sell,open,-,1157.15
19-12-19 10:52,Profit Premimum below 15,PE,12000,26-12-19,14.9,1,sell,closed,17.15,1174.3
19-12-19 10:52,Profit Premimum below 15; bying again,PE,12100,26-12-19,28.45,1,sell,open,-,1174.3
20-12-19 14:26,Profit Premimum below 15,PE,12100,26-12-19,14.9,1,sell,closed,13.55,1187.85
20-12-19 14:26,Profit Premimum below 15; bying again,PE,12200,26-12-19,30,1,sell,open,-,1187.85
23-12-19 15:30,weekly closing,PE,12200,26-12-19,15.6,1,sell,closed,14.4,1202.25
26-12-19 12:15,60 < RSI-D; RSI-H < 35,CE,12250,02-01-20,36.35,1,sell,open,-,1202.25
27-12-19 10:38,premimum > 40; type2 purchase,PE,12150,02-01-20,28.85,2,sell,open,-,1202.25
27-12-19 10:38,premimum > 40; type2 purchase (Hedging),PE,11950,02-01-20,4.8,2,buy,open,-,1202.25
27-12-19 10:38,premimum > 40; type2 purchase,PE,12150,02-01-20,28.85,1,sell,open,-,1202.25
27-12-19 15:10,Profit Premimum below 15,PE,12150,02-01-20,14.75,2,sell,closed,14.1,1216.35
27-12-19 15:10,Profit Premimum below 15,PE,12150,02-01-20,14.75,1,sell,closed,14.1,1230.45
27-12-19 15:10,Profit Premimum below 15; bying again,PE,12200,02-01-20,24.25,1,sell,open,-,1230.45
30-12-19 15:30,weekly closing,CE,12250,02-01-20,54.7,1,sell,closed,-18.35,1212.1
30-12-19 15:30,weekly closing,PE,11950,02-01-20,1.9,2,buy,closed,-2.9,1209.2
30-12-19 15:30,weekly closing,PE,12200,02-01-20,17.2,1,sell,closed,7.05,1216.25
30-12-19 15:30,weekly reopening,PE,12150,09-01-20,32.5,1,sell,open,-,1216.25
31-12-19 9:45,premimum > 40; type2 purchase,CE,12350,09-01-20,29,2,sell,open,-,1216.25
31-12-19 9:45,premimum > 40; type2 purchase,CE,12350,09-01-20,29,1,sell,open,-,1216.25
02-01-20 15:11,Profit Premimum below 15,PE,12150,09-01-20,14.9,1,sell,closed,17.6,1233.85
02-01-20 15:11,Profit Premimum below 15; bying again,PE,12200,09-01-20,23.35,1,sell,open,-,1233.85
03-01-20 13:51,Profit Premimum below 15,CE,12350,09-01-20,14.75,2,sell,closed,14.25,1248.1
03-01-20 13:51,Profit Premimum below 15,CE,12350,09-01-20,14.75,1,sell,closed,14.25,1262.35
03-01-20 13:51,Profit Premimum below 15; bying again,CE,12300,09-01-20,26.7,1,sell,open,-,1262.35
03-01-20 13:51,premimum > 40; type2 purchase,CE,12300,09-01-20,26.7,2,sell,open,-,1262.35
03-01-20 13:51,premimum > 40; type2 purchase (Hedging),CE,12450,09-01-20,3.9,2,buy,open,-,1262.35
06-01-20 9:30,Profit Premimum below 15,CE,12300,09-01-20,9.05,1,sell,closed,17.65,1280
06-01-20 9:30,Profit Premimum below 15,CE,12300,09-01-20,9.05,2,sell,closed,17.65,1297.65
06-01-20 9:30,Profit Premimum below 15; bying again,CE,12200,09-01-20,25.9,1,sell,open,-,1297.65
06-01-20 12:45,Profit Premimum below 15,CE,12200,09-01-20,14.7,1,sell,closed,11.2,1308.85
06-01-20 12:45,Profit Premimum below 15; bying again,CE,12150,09-01-20,24.4,1,sell,open,-,1308.85
06-01-20 15:30,weekly closing,CE,12450,09-01-20,1,2,buy,closed,-2.9,1305.95
06-01-20 15:30,weekly closing,CE,12150,09-01-20,15.25,1,sell,closed,9.15,1315.1
06-01-20 15:30,weekly reopening,CE,12200,16-01-20,31.75,1,sell,open,-,1315.1
07-01-20 9:30,premimum > 40; type2 purchase,PE,11950,16-01-20,32.9,2,sell,open,-,1315.1
07-01-20 9:30,premimum > 40; type2 purchase (Hedging),PE,11500,16-01-20,4.6,2,buy,open,-,1315.1
07-01-20 9:30,premimum > 40; type2 purchase,PE,11950,16-01-20,32.9,1,sell,open,-,1315.1
07-01-20 9:30,RSI < 30 and nifty crossover supertrend,PE,11950,16-01-20,32.9,2,sell,closed,0,1315.1
07-01-20 9:30,RSI < 30 and nifty crossover supertrend,PE,11950,16-01-20,32.9,1,sell,closed,0,1315.1
13-01-20 15:30,weekly closing,PE,11500,16-01-20,1.75,2,buy,closed,-2.85,1312.25
13-01-20 15:30,weekly reopening,PE,12100,23-01-20,32.5,1,sell,open,-,1312.25
15-01-20 14:30,Profit Premimum below 15,PE,12100,23-01-20,14.5,1,sell,closed,18,1330.25
15-01-20 14:30,Profit Premimum below 15; bying again,PE,12200,23-01-20,29.6,1,sell,open,-,1330.25
17-01-20 14:01,Profit Premimum below 15,PE,12200,23-01-20,14.95,1,sell,closed,14.65,1344.9
17-01-20 14:01,Profit Premimum below 15; bying again,PE,12300,23-01-20,35.05,1,sell,open,-,1344.9
20-01-20 9:54,premimum > 40; type2 purchase,CE,12400,23-01-20,27,2,sell,open,-,1344.9
20-01-20 9:54,premimum > 40; type2 purchase (Hedging),CE,12550,23-01-20,4.2,2,buy,open,-,1344.9
20-01-20 9:54,premimum > 40; type2 purchase,CE,12400,23-01-20,27,1,sell,open,-,1344.9
20-01-20 13:15,60 < RSI-D; RSI-H < 35,PE,12300,23-01-20,85.55,1,sell,closed,-50.5,1294.4
20-01-20 14:25,Profit Premimum below 15,CE,12400,23-01-20,14.45,2,sell,closed,12.55,1306.95
20-01-20 14:25,Profit Premimum below 15,CE,12400,23-01-20,14.45,1,sell,closed,12.55,1319.5
20-01-20 14:25,Profit Premimum below 15; bying again,CE,12350,23-01-20,23.75,1,sell,open,-,1319.5
20-01-20 15:30,weekly closing,CE,12550,23-01-20,2.5,2,buy,closed,-1.7,1317.8
20-01-20 15:30,weekly closing,CE,12350,23-01-20,22.55,1,sell,closed,1.2,1319
20-01-20 15:30,weekly reopening,CE,12450,30-01-20,27.4,1,sell,open,-,1319
21-01-20 10:54,Profit Premimum below 15,CE,12450,30-01-20,14.85,1,sell,closed,12.55,1331.55
21-01-20 10:54,Profit Premimum below 15; bying again,CE,12350,30-01-20,32.2,1,sell,open,-,1331.55
23-01-20 11:01,Profit Premimum below 15,CE,12350,30-01-20,14.9,1,sell,closed,17.3,1348.85
23-01-20 11:01,Profit Premimum below 15; bying again,CE,12300,30-01-20,23.15,1,sell,open,-,1348.85
24-01-20 10:13,premimum > 40; type2 purchase,PE,12150,30-01-20,33.1,2,sell,open,-,1348.85
24-01-20 10:13,premimum > 40; type2 purchase (Hedging),PE,11800,30-01-20,4.9,2,buy,open,-,1348.85
24-01-20 10:13,premimum > 40; type2 purchase,PE,12150,30-01-20,33.1,1,sell,open,-,1348.85
27-01-20 13:40,Profit Premimum below 15,CE,12300,30-01-20,14.15,1,sell,closed,9,1357.85
27-01-20 13:40,Profit Premimum below 15; bying again,CE,12250,30-01-20,24.95,1,sell,open,-,1357.85
27-01-20 15:30,weekly closing,PE,12150,30-01-20,78.15,2,sell,closed,-45.05,1312.8
27-01-20 15:30,weekly closing,PE,11800,30-01-20,5.9,2,buy,closed,1,1313.8
27-01-20 15:30,weekly closing,PE,12150,30-01-20,78.15,1,sell,closed,-45.05,1268.75
27-01-20 15:30,weekly closing,CE,12250,30-01-20,17.8,1,sell,closed,7.15,1275.9
27-01-20 15:30,weekly reopening,PE,11600,06-02-20,23.3,1,sell,open,-,1275.9
29-01-20 13:53,Profit Premimum below 15,PE,11600,06-02-20,14.75,1,sell,closed,8.55,1284.45
29-01-20 13:53,Profit Premimum below 15; bying again,PE,11750,06-02-20,26.35,1,sell,open,-,1284.45
30-01-20 11:07,premimum > 40; type2 purchase,CE,12400,06-02-20,33,2,sell,open,-,1284.45
30-01-20 11:07,premimum > 40; type2 purchase,CE,12400,06-02-20,33,1,sell,open,-,1284.45
30-01-20 14:15,40 < RSI-D < 60; crossunder 30,PE,11750,06-02-20,52.45,1,sell,closed,-26.1,1258.35
01-02-20 13:17,Profit Premimum below 15,CE,12400,06-02-20,14.75,2,sell,closed,18.25,1276.6
01-02-20 13:17,Profit Premimum below 15,CE,12400,06-02-20,14.75,1,sell,closed,18.25,1294.85
01-02-20 13:17,Profit Premimum below 15; bying again,CE,12250,06-02-20,29.35,1,sell,open,-,1294.85
01-02-20 13:43,Profit Premimum below 15,CE,12250,06-02-20,14,1,sell,closed,15.35,1310.2
01-02-20 13:43,Profit Premimum below 15; bying again,CE,12100,06-02-20,27.3,1,sell,open,-,1310.2
01-02-20 14:39,Profit Premimum below 15,CE,12100,06-02-20,14.9,1,sell,closed,12.4,1322.6
01-02-20 14:39,Profit Premimum below 15; bying again,CE,12000,06-02-20,27,1,sell,open,-,1322.6
01-02-20 15:11,Profit Premimum below 15,CE,12000,06-02-20,14.25,1,sell,closed,12.75,1335.35
01-02-20 15:11,Profit Premimum below 15; bying again,CE,11850,06-02-20,33.7,1,sell,open,-,1335.35
03-02-20 11:50,Profit Premimum below 15,CE,11850,06-02-20,14.3,1,sell,closed,19.4,1354.75
03-02-20 11:50,Profit Premimum below 15; bying again,CE,11750,06-02-20,32.7,1,sell,open,-,1354.75
03-02-20 12:48,premimum > 40; type2 purchase,PE,11550,06-02-20,31.05,2,sell,open,-,1354.75
03-02-20 12:48,premimum > 40; type2 purchase (Hedging),PE,11250,06-02-20,4.5,2,buy,open,-,1354.75
03-02-20 12:48,premimum > 40; type2 purchase,PE,11550,06-02-20,31.05,1,sell,open,-,1354.75
03-02-20 14:15,RSI-D < 40; RSI-H < 30,PE,11550,06-02-20,37.25,2,sell,closed,-6.2,1348.55
03-02-20 14:15,RSI-D < 40; RSI-H < 30,PE,11550,06-02-20,37.25,1,sell,closed,-6.2,1342.35
03-02-20 15:30,weekly closing,CE,11750,06-02-20,45.4,1,sell,closed,-12.7,1329.65
03-02-20 15:30,weekly closing,PE,11250,06-02-20,5.95,2,buy,closed,1.45,1331.1
03-02-20 15:30,weekly reopening,PE,11350,13-02-20,30.75,1,sell,open,-,1331.1
04-02-20 9:30,Profit Premimum below 15,PE,11350,13-02-20,12.1,1,sell,closed,18.65,1349.75
04-02-20 9:30,Profit Premimum below 15; bying again,PE,11550,13-02-20,32.3,1,sell,open,-,1349.75
04-02-20 13:44,Profit Premimum below 15,PE,11550,13-02-20,14.8,1,sell,closed,17.5,1367.25
04-02-20 13:44,Profit Premimum below 15; bying again,PE,11700,13-02-20,31.25,1,sell,open,-,1367.25
05-02-20 9:37,Profit Premimum below 15,PE,11700,13-02-20,14.7,1,sell,closed,16.55,1383.8
05-02-20 9:37,Profit Premimum below 15; bying again,PE,11800,13-02-20,27.85,1,sell,open,-,1383.8
06-02-20 9:30,Profit Premimum below 15,PE,11800,13-02-20,13.45,1,sell,closed,14.4,1398.2
06-02-20 9:30,Profit Premimum below 15; bying again,PE,11950,13-02-20,32.85,1,sell,open,-,1398.2
10-02-20 10:15,45 < RSI-D < 60; crossunder 55,CE,12100,13-02-20,27.55,1,sell,open,-,1398.2
10-02-20 10:28,premimum > 40; type2 purchase,CE,12100,13-02-20,26.55,2,sell,open,-,1398.2
10-02-20 10:28,premimum > 40; type2 purchase (Hedging),CE,12300,13-02-20,3.35,2,buy,open,-,1398.2
10-02-20 15:30,weekly closing,PE,11950,13-02-20,27.1,1,sell,closed,5.75,1403.95
10-02-20 15:30,weekly closing,CE,12100,13-02-20,30.2,1,sell,closed,-2.65,1401.3
10-02-20 15:30,weekly closing,CE,12100,13-02-20,30.2,2,sell,closed,-3.65,1397.65
10-02-20 15:30,weekly closing,CE,12300,13-02-20,2.85,2,buy,closed,-0.5,1397.15
10-02-20 15:30,weekly reopening,CE,12200,20-02-20,34.85,1,sell,open,-,1397.15
11-02-20 9:30,premimum > 40; type2 purchase,PE,11950,20-02-20,27,2,sell,open,-,1397.15
11-02-20 9:30,premimum > 40; type2 purchase (Hedging),PE,11500,20-02-20,4.25,2,buy,open,-,1397.15
11-02-20 9:30,premimum > 40; type2 purchase,PE,11950,20-02-20,27,1,sell,open,-,1397.15
12-02-20 9:30,Profit Premimum below 15,PE,11950,20-02-20,15,2,sell,closed,12,1409.15
12-02-20 9:30,Profit Premimum below 15,PE,11950,20-02-20,15,1,sell,closed,12,1421.15
12-02-20 9:30,Profit Premimum below 15; bying again,PE,12050,20-02-20,30.5,1,sell,open,-,1421.15
14-02-20 9:30,Profit Premimum below 15,PE,12050,20-02-20,12.2,1,sell,closed,18.3,1439.45
14-02-20 9:30,Profit Premimum below 15; bying again,PE,12150,20-02-20,29.65,1,sell,open,-,1439.45
17-02-20 15:30,weekly closing,CE,12200,20-02-20,19.8,1,sell,closed,15.05,1454.5
17-02-20 15:30,weekly closing,PE,11500,20-02-20,1.35,2,buy,closed,-2.9,1451.6
17-02-20 15:30,weekly reopening,PE,11850,27-02-20,32,1,sell,open,-,1451.6
18-02-20 9:30,premimum > 40; type2 purchase,CE,12150,27-02-20,34,2,sell,open,-,1451.6
18-02-20 9:30,premimum > 40; type2 purchase (Hedging),CE,12500,27-02-20,4.8,2,buy,open,-,1451.6
18-02-20 9:30,premimum > 40; type2 purchase,CE,12150,27-02-20,34,1,sell,open,-,1451.6
18-02-20 10:15,40 < RSI-D < 60; crossunder 30,PE,11850,27-02-20,53.95,1,sell,closed,-21.95,1429.65
24-02-20 9:30,Profit Premimum below 15,CE,12150,27-02-20,12.35,2,sell,closed,21.65,1451.3
24-02-20 9:30,Profit Premimum below 15,CE,12150,27-02-20,12.35,1,sell,closed,21.65,1472.95
24-02-20 9:30,Profit Premimum below 15; bying again,CE,12050,27-02-20,27.55,1,sell,open,-,1472.95
24-02-20 15:30,weekly closing,CE,12500,27-02-20,1.8,2,buy,closed,-3,1469.95
24-02-20 15:30,weekly closing,CE,12050,27-02-20,16.5,1,sell,closed,11.05,1481
24-02-20 15:30,weekly reopening,CE,12150,05-03-20,30.45,1,sell,open,-,1481
26-02-20 9:30,Profit Premimum below 15,CE,12150,05-03-20,13.25,1,sell,closed,17.2,1498.2
26-02-20 9:30,Profit Premimum below 15; bying again,CE,12000,05-03-20,32.4,1,sell,open,-,1498.2
27-02-20 9:39,Profit Premimum below 15,CE,12000,05-03-20,14.8,1,sell,closed,17.6,1515.8
27-02-20 9:39,Profit Premimum below 15; bying again,CE,11900,05-03-20,27.35,1,sell,open,-,1515.8
28-02-20 9:30,Profit Premimum below 15,CE,11900,05-03-20,5.05,1,sell,closed,22.3,1538.1
28-02-20 9:30,Profit Premimum below 15; bying again,CE,11650,05-03-20,31.1,1,sell,open,-,1538.1
28-02-20 15:28,Profit Premimum below 15,CE,11650,05-03-20,14.85,1,sell,closed,16.25,1554.35
28-02-20 15:28,Profit Premimum below 15; bying again,CE,11550,05-03-20,25.95,1,sell,open,-,1554.35
02-03-20 9:46,premimum > 40; type2 purchase,PE,10950,05-03-20,27.7,2,sell,open,-,1554.35
02-03-20 9:46,premimum > 40; type2 purchase,PE,10950,05-03-20,27.7,1,sell,open,-,1554.35
02-03-20 15:01,Profit Premimum below 15,CE,11550,05-03-20,14.4,1,sell,closed,11.55,1565.9
02-03-20 15:01,Profit Premimum below 15; bying again,CE,11450,05-03-20,34.65,1,sell,open,-,1565.9
02-03-20 15:30,weekly closing,PE,10950,05-03-20,88,2,sell,closed,-60.3,1505.6
02-03-20 15:30,weekly closing,PE,10950,05-03-20,88,1,sell,closed,-60.3,1445.3
02-03-20 15:30,weekly closing,CE,11450,05-03-20,24.15,1,sell,closed,10.5,1455.8
03-03-20 10:15,RSI-D < 40; no open positions and supertrend changes from down to up,PE,10450,12-03-20,37.8,1,sell,open,-,1455.8
03-03-20 11:15,RSI-D < 40; crossunder 40,CE,11700,12-03-20,34.6,1,sell,open,-,1455.8
03-03-20 14:41,premimum > 40; type2 purchase,PE,10450,12-03-20,37.8,2,sell,open,-,1455.8
04-03-20 12:57,Profit Premimum below 15,CE,11700,12-03-20,14.55,1,sell,closed,20.05,1475.85
04-03-20 12:57,Profit Premimum below 15; bying again,CE,11600,12-03-20,27.55,1,sell,open,-,1475.85
05-03-20 9:30,Profit Premimum below 15,PE,10450,12-03-20,15,1,sell,closed,22.8,1498.65
05-03-20 9:30,Profit Premimum below 15,PE,10450,12-03-20,15,2,sell,closed,22.8,1521.45
05-03-20 9:30,Profit Premimum below 15; bying again,PE,10650,12-03-20,32,1,sell,open,-,1521.45
05-03-20 11:30,premimum > 40; type2 purchase,PE,10850,12-03-20,29.9,2,sell,open,-,1521.45
05-03-20 11:30,premimum > 40; type2 purchase (Hedging),PE,10100,12-03-20,4.35,2,buy,open,-,1521.45
06-03-20 9:30,Profit Premimum below 15,CE,11600,12-03-20,4.9,1,sell,closed,22.65,1544.1
06-03-20 9:30,Profit Premimum below 15; bying again,CE,11300,12-03-20,30.6,1,sell,open,-,1544.1
06-03-20 10:15,RSI-D < 40; RSI-H < 30,PE,10650,12-03-20,98,1,sell,closed,-66,1478.1
09-03-20 9:30,Profit Premimum below 15,CE,11300,12-03-20,2.95,1,sell,closed,27.65,1505.75
09-03-20 9:30,Profit Premimum below 15; bying again,CE,10950,12-03-20,26.9,1,sell,open,-,1505.75
09-03-20 12:49,Profit Premimum below 15,CE,10950,12-03-20,14.55,1,sell,closed,12.35,1518.1
09-03-20 12:49,Profit Premimum below 15; bying again,CE,10850,12-03-20,26.2,1,sell,open,-,1518.1
09-03-20 15:23,Profit Premimum below 15,CE,10850,12-03-20,14.85,1,sell,closed,11.35,1529.45
09-03-20 15:23,Profit Premimum below 15; bying again,CE,10750,12-03-20,28.75,1,sell,open,-,1529.45
09-03-20 15:30,weekly closing,PE,10100,12-03-20,54.5,2,buy,closed,50.15,1579.6
09-03-20 15:30,weekly closing,CE,10750,12-03-20,29,1,sell,closed,-0.25,1579.35
16-03-20 10:15,RSI-D < 40; crossunder 45,CE,10650,19-03-20,30.25,1,sell,open,-,1579.35
16-03-20 15:30,weekly closing,CE,10650,19-03-20,22,1,sell,closed,8.25,1587.6
19-03-20 15:15,RSI-D < 40; crossunder 40,CE,9800,26-03-20,30.3,1,sell,open,-,1587.6
20-03-20 13:26,premimum > 40; type2 purchase,PE,6850,26-03-20,29.5,2,sell,open,-,1587.6
20-03-20 13:26,premimum > 40; type2 purchase,PE,6850,26-03-20,29.5,1,sell,open,-,1587.6
23-03-20 10:58,Profit Premimum below 15,CE,9800,26-03-20,13.9,1,sell,closed,16.4,1604
23-03-20 10:58,Profit Premimum below 15; bying again,CE,9050,26-03-20,30,1,sell,open,-,1604
23-03-20 15:30,weekly closing,CE,9050,26-03-20,30,1,sell,closed,0,1604
31-03-20 12:15,RSI-D < 40; no open positions and supertrend changes from down to up,PE,7000,09-04-20,27.1,1,sell,open,-,1604
01-04-20 9:30,Profit Premimum below 15,PE,7000,09-04-20,14.8,1,sell,closed,12.3,1616.3
01-04-20 9:30,Profit Premimum below 15; bying again,PE,7150,09-04-20,30,1,sell,open,-,1616.3
01-04-20 11:15,RSI-D < 40; crossunder 45,CE,9050,09-04-20,28.9,1,sell,open,-,1616.3
01-04-20 15:27,Profit Premimum below 15,CE,9050,09-04-20,15,1,sell,closed,13.9,1630.2
01-04-20 15:27,Profit Premimum below 15; bying again,CE,8900,09-04-20,31.5,1,sell,open,-,1630.2
03-04-20 9:30,Profit Premimum below 15,CE,8900,09-04-20,13.6,1,sell,closed,17.9,1648.1
03-04-20 9:30,Profit Premimum below 15; bying again,CE,8700,09-04-20,30.3,1,sell,open,-,1648.1
03-04-20 12:05,Profit Premimum below 15,PE,7150,09-04-20,14.1,1,sell,closed,15.9,1664
03-04-20 12:05,Profit Premimum below 15; bying again,PE,7400,09-04-20,32,1,sell,open,-,1664
07-04-20 9:30,Profit Premimum below 15,PE,7400,09-04-20,8.15,1,sell,closed,23.85,1687.85
07-04-20 9:30,Profit Premimum below 15; bying again,PE,7900,09-04-20,30.75,1,sell,open,-,1687.85
07-04-20 11:05,premimum > 40; type2 purchase,PE,7950,09-04-20,28.3,2,sell,open,-,1687.85
07-04-20 11:05,premimum > 40; type2 purchase (Hedging),PE,7350,09-04-20,4.5,2,buy,open,-,1687.85
07-04-20 14:44,Profit Premimum below 15,PE,7900,09-04-20,14.3,1,sell,closed,16.45,1704.3
07-04-20 14:44,Profit Premimum below 15; bying again,PE,8150,09-04-20,28.6,1,sell,open,-,1704.3
07-04-20 14:48,Profit Premimum below 15,PE,7950,09-04-20,14.2,2,sell,closed,14.1,1718.4
07-04-20 15:30,weekly closing,PE,7350,09-04-20,5.9,2,buy,closed,1.4,1719.8
07-04-20 15:30,weekly closing,PE,8150,09-04-20,24.9,1,sell,closed,3.7,1723.5
07-04-20 15:30,weekly reopening,PE,7500,16-04-20,33.8,1,sell,open,-,1723.5
09-04-20 9:30,Profit Premimum below 15,PE,7500,16-04-20,14.5,1,sell,closed,19.3,1742.8
09-04-20 9:30,Profit Premimum below 15; bying again,PE,7800,16-04-20,30.45,1,sell,open,-,1742.8
09-04-20 14:45,Profit Premimum below 15,PE,7800,16-04-20,14.85,1,sell,closed,15.6,1758.4
09-04-20 14:45,Profit Premimum below 15; bying again,PE,8100,16-04-20,30.2,1,sell,open,-,1758.4
13-04-20 11:20,Profit Premimum below 15,PE,8100,16-04-20,14.8,1,sell,closed,15.4,1773.8
13-04-20 11:20,Profit Premimum below 15; bying again,PE,8300,16-04-20,28.75,1,sell,open,-,1773.8
13-04-20 15:30,weekly closing,PE,8300,16-04-20,17.05,1,sell,closed,11.7,1785.5
15-04-20 14:15,45 < RSI-D < 60; crossunder 55,CE,9600,23-04-20,31,1,sell,open,-,1785.5
17-04-20 9:30,premimum > 40; type2 purchase,PE,8700,23-04-20,31.25,2,sell,open,-,1785.5
17-04-20 9:30,premimum > 40; type2 purchase (Hedging),PE,7850,23-04-20,4.55,2,buy,open,-,1785.5
17-04-20 9:30,premimum > 40; type2 purchase,PE,8700,23-04-20,31.25,1,sell,open,-,1785.5
20-04-20 15:30,weekly closing,CE,9600,23-04-20,28.05,1,sell,closed,2.95,1788.45
20-04-20 15:30,weekly closing,PE,8700,23-04-20,20.15,2,sell,closed,11.1,1799.55
20-04-20 15:30,weekly closing,PE,7850,23-04-20,4.2,2,buy,closed,-0.35,1799.2
20-04-20 15:30,weekly closing,PE,8700,23-04-20,20.15,1,sell,closed,11.1,1810.3
20-04-20 15:30,weekly reopening,PE,8250,30-04-20,31,1,sell,open,-,1810.3
21-04-20 9:30,premimum > 40; type2 purchase,CE,9750,30-04-20,29.9,2,sell,open,-,1810.3
21-04-20 9:30,premimum > 40; type2 purchase (Hedging),CE,10400,30-04-20,4.75,2,buy,open,-,1810.3
21-04-20 9:30,premimum > 40; type2 purchase,CE,9750,30-04-20,29.9,1,sell,open,-,1810.3
23-04-20 9:30,Profit Premimum below 15,PE,8250,30-04-20,13.5,1,sell,closed,17.5,1827.8
23-04-20 9:30,Profit Premimum below 15; bying again,PE,8550,30-04-20,31.8,1,sell,open,-,1827.8
24-04-20 9:30,Profit Premimum below 15,CE,9750,30-04-20,9.5,2,sell,closed,20.4,1848.2
24-04-20 9:30,Profit Premimum below 15,CE,9750,30-04-20,9.5,1,sell,closed,20.4,1868.6
24-04-20 9:30,Profit Premimum below 15; bying again,CE,9550,30-04-20,27.2,1,sell,open,-,1868.6
27-04-20 9:30,Profit Premimum below 15,PE,8550,30-04-20,5.65,1,sell,closed,26.15,1894.75
27-04-20 9:30,Profit Premimum below 15; bying again,PE,8950,30-04-20,29.5,1,sell,open,-,1894.75
27-04-20 15:30,weekly closing,CE,10400,30-04-20,0.7,2,buy,closed,-4.05,1890.7
27-04-20 15:30,weekly closing,CE,9550,30-04-20,31.1,1,sell,closed,-3.9,1886.8
27-04-20 15:30,weekly closing,PE,8950,30-04-20,28.5,1,sell,closed,1,1887.8
27-04-20 15:30,weekly reopening,CE,9900,07-05-20,24.25,1,sell,open,-,1887.8
29-04-20 11:15,40 < RSI-D < 60; crossover 70,CE,9900,07-05-20,17.2,1,sell,closed,7.05,1894.85
04-05-20 10:15,45 < RSI-D < 60; crossunder 55,CE,9800,07-05-20,28.85,1,sell,open,-,1894.85
04-05-20 15:30,weekly closing,CE,9800,07-05-20,21.9,1,sell,closed,6.95,1901.8
11-05-20 11:15,45 < RSI-D < 60; crossunder 55,CE,9650,14-05-20,27.15,1,sell,open,-,1901.8
11-05-20 14:42,Profit Premimum below 15,CE,9650,14-05-20,14.85,1,sell,closed,12.3,1914.1
11-05-20 14:42,Profit Premimum below 15; bying again,CE,9550,14-05-20,27.95,1,sell,open,-,1914.1
11-05-20 15:30,weekly closing,CE,9550,14-05-20,24.75,1,sell,closed,3.2,1917.3
14-05-20 10:15,45 < RSI-D < 60; crossunder 55,CE,9750,21-05-20,29.95,1,sell,open,-,1917.3
15-05-20 10:15,Profit Premimum below 15,CE,9750,21-05-20,15,1,sell,closed,14.95,1932.25
15-05-20 10:15,Profit Premimum below 15; bying again,CE,9600,21-05-20,27.7,1,sell,open,-,1932.25
18-05-20 9:30,Profit Premimum below 15,CE,9600,21-05-20,11.5,1,sell,closed,16.2,1948.45
18-05-20 9:30,Profit Premimum below 15; bying again,CE,9400,21-05-20,33.25,1,sell,open,-,1948.45
18-05-20 15:02,Profit Premimum below 15,CE,9400,21-05-20,14.75,1,sell,closed,18.5,1966.95
18-05-20 15:02,Profit Premimum below 15; bying again,CE,9250,21-05-20,29.5,1,sell,open,-,1966.95
18-05-20 15:30,weekly closing,CE,9250,21-05-20,25.7,1,sell,closed,3.8,1970.75
22-05-20 10:15,45 < RSI-D < 60; crossunder 55,CE,9350,28-05-20,27,1,sell,open,-,1970.75
26-05-20 10:01,Profit Premimum below 15,CE,9350,28-05-20,14.75,1,sell,closed,12.25,1983
26-05-20 10:01,Profit Premimum below 15; bying again,CE,9300,28-05-20,24,1,sell,open,-,1983
26-05-20 13:14,Profit Premimum below 15,CE,9300,28-05-20,14.45,1,sell,closed,9.55,1992.55
26-05-20 13:14,Profit Premimum below 15; bying again,CE,9200,28-05-20,32.1,1,sell,open,-,1992.55
26-05-20 15:30,weekly closing,CE,9200,28-05-20,28,1,sell,closed,4.1,1996.65
04-06-20 14:15,60 < RSI-D; crossover 55,PE,9500,11-06-20,30.5,1,sell,open,-,1996.65
05-06-20 9:30,Profit Premimum below 15,PE,9500,11-06-20,14.35,1,sell,closed,16.15,2012.8
05-06-20 9:30,Profit Premimum below 15; bying again,PE,9700,11-06-20,30.95,1,sell,open,-,2012.8
08-06-20 9:30,Profit Premimum below 15,PE,9700,11-06-20,9.3,1,sell,closed,21.65,2034.45
08-06-20 9:30,Profit Premimum below 15; bying again,PE,10000,11-06-20,29.35,1,sell,open,-,2034.45
08-06-20 12:46,premimum > 40; type2 purchase,CE,10450,11-06-20,31.3,2,sell,open,-,2034.45
08-06-20 12:46,premimum > 40; type2 purchase (Hedging),CE,10750,11-06-20,4.85,2,buy,open,-,2034.45
08-06-20 12:46,premimum > 40; type2 purchase,CE,10450,11-06-20,31.3,1,sell,open,-,2034.45
08-06-20 12:49,RSI > 70 and nifty crossunder supertrend,CE,10450,11-06-20,33.25,2,sell,closed,-1.95,2032.5
08-06-20 12:49,RSI > 70 and nifty crossunder supertrend,CE,10450,11-06-20,33.25,1,sell,closed,-1.95,2030.55
08-06-20 15:30,weekly closing,PE,10000,11-06-20,47.7,1,sell,closed,-18.35,2012.2
08-06-20 15:30,weekly closing,CE,10750,11-06-20,5.3,2,buy,closed,0.45,2012.65
08-06-20 15:30,weekly reopening,CE,10700,18-06-20,26,1,sell,open,-,2012.65
09-06-20 11:56,premimum > 40; type2 purchase,PE,9600,18-06-20,30.45,2,sell,open,-,2012.65
09-06-20 11:56,premimum > 40; type2 purchase (Hedging),PE,8700,18-06-20,5,2,buy,open,-,2012.65
09-06-20 11:56,premimum > 40; type2 purchase,PE,9600,18-06-20,30.45,1,sell,open,-,2012.65
10-06-20 9:40,Profit Premimum below 15,CE,10700,18-06-20,15,1,sell,closed,11,2023.65
10-06-20 9:40,Profit Premimum below 15; bying again,CE,10550,18-06-20,30.75,1,sell,open,-,2023.65
11-06-20 13:30,Profit Premimum below 15,CE,10550,18-06-20,14.45,1,sell,closed,16.3,2039.95
11-06-20 13:30,Profit Premimum below 15; bying again,CE,10400,18-06-20,28.2,1,sell,open,-,2039.95
11-06-20 15:15,60 < RSI-D; RSI-H < 35,PE,9600,18-06-20,57.5,2,sell,closed,-27.05,2012.9
11-06-20 15:15,60 < RSI-D; RSI-H < 35,PE,9600,18-06-20,57.5,1,sell,closed,-27.05,1985.85
12-06-20 9:30,Profit Premimum below 15,CE,10400,18-06-20,8.35,1,sell,closed,19.85,2005.7
12-06-20 9:30,Profit Premimum below 15; bying again,CE,10100,18-06-20,27.6,1,sell,open,-,2005.7
15-06-20 15:30,weekly closing,PE,8700,18-06-20,3.2,2,buy,closed,-1.8,2003.9
15-06-20 15:30,weekly closing,CE,10100,18-06-20,30.2,1,sell,closed,-2.6,2001.3
15-06-20 15:30,weekly reopening,PE,9000,25-06-20,31,1,sell,open,-,2001.3
16-06-20 10:52,Profit Premimum below 15,PE,9000,25-06-20,14.75,1,sell,closed,16.25,2017.55
16-06-20 10:52,Profit Premimum below 15; bying again,PE,9300,25-06-20,32.15,1,sell,open,-,2017.55
16-06-20 12:15,45 < RSI-D < 60; crossunder 55,CE,10400,25-06-20,31.5,1,sell,open,-,2017.55
16-06-20 12:31,premimum > 40; type2 purchase,CE,10400,25-06-20,32.1,2,sell,open,-,2017.55
16-06-20 12:31,premimum > 40; type2 purchase (Hedging),CE,11000,25-06-20,4.2,2,buy,open,-,2017.55
19-06-20 9:30,Profit Premimum below 15,PE,9300,25-06-20,14,1,sell,closed,18.15,2035.7
19-06-20 9:30,Profit Premimum below 15; bying again,PE,9600,25-06-20,31.4,1,sell,open,-,2035.7
22-06-20 9:30,Profit Premimum below 15,PE,9600,25-06-20,12.7,1,sell,closed,18.7,2054.4
22-06-20 9:30,Profit Premimum below 15; bying again,PE,9900,25-06-20,29.9,1,sell,open,-,2054.4
22-06-20 15:30,weekly closing,CE,10400,25-06-20,62.55,1,sell,closed,-31.05,2023.35
22-06-20 15:30,weekly closing,CE,10400,25-06-20,62.55,2,sell,closed,-30.45,1992.9
22-06-20 15:30,weekly closing,CE,11000,25-06-20,2.1,2,buy,closed,-2.1,1990.8
22-06-20 15:30,weekly closing,PE,9900,25-06-20,21.35,1,sell,closed,8.55,1999.35
22-06-20 15:30,weekly reopening,CE,10800,02-07-20,31.5,1,sell,open,-,1999.35
23-06-20 14:41,premimum > 40; type2 purchase,PE,9800,02-07-20,30.45,2,sell,open,-,1999.35
23-06-20 14:41,premimum > 40; type2 purchase,PE,9800,02-07-20,30.45,1,sell,open,-,1999.35
25-06-20 9:30,Profit Premimum below 15,CE,10800,02-07-20,11.95,1,sell,closed,19.55,2018.9
25-06-20 9:30,Profit Premimum below 15; bying again,CE,10600,02-07-20,34.7,1,sell,open,-,2018.9
29-06-20 14:12,Profit Premimum below 15,PE,9800,02-07-20,14.95,2,sell,closed,15.5,2034.4
29-06-20 14:12,Profit Premimum below 15,PE,9800,02-07-20,14.95,1,sell,closed,15.5,2049.9
29-06-20 14:12,Profit Premimum below 15; bying again,PE,9900,02-07-20,23.75,1,sell,open,-,2049.9
29-06-20 14:51,Profit Premimum below 15,CE,10600,02-07-20,14.75,1,sell,closed,19.95,2069.85
29-06-20 14:51,Profit Premimum below 15; bying again,CE,10500,02-07-20,29.3,1,sell,open,-,2069.85
29-06-20 15:30,weekly closing,PE,9900,02-07-20,18,1,sell,closed,5.75,2075.6
29-06-20 15:30,weekly closing,CE,10500,02-07-20,35.2,1,sell,closed,-5.9,2069.7
13-07-20 10:15,60 < RSI-D; crossover 55,PE,10600,16-07-20,23.1,1,sell,open,-,2069.7
13-07-20 15:30,weekly closing,PE,10600,16-07-20,21.25,1,sell,closed,1.85,2071.55
14-07-20 9:15,60 < RSI-D; crossover 55,PE,10300,23-07-20,27.5,1,sell,open,-,2071.55
14-07-20 10:55,premimum > 40; type2 purchase,CE,11050,23-07-20,30.1,2,sell,open,-,2071.55
14-07-20 10:55,premimum > 40; type2 purchase (Hedging),CE,11500,23-07-20,4.7,2,buy,open,-,2071.55
14-07-20 10:55,premimum > 40; type2 purchase,CE,11050,23-07-20,30.1,1,sell,open,-,2071.55
14-07-20 11:15,60 < RSI-D; RSI-H < 35,PE,10300,23-07-20,51.95,1,sell,closed,-24.45,2047.1
16-07-20 9:30,Profit Premimum below 15,CE,11050,23-07-20,12.35,2,sell,closed,17.75,2064.85
16-07-20 9:30,Profit Premimum below 15,CE,11050,23-07-20,12.35,1,sell,closed,17.75,2082.6
16-07-20 9:30,Profit Premimum below 15; bying again,CE,10900,23-07-20,30.7,1,sell,open,-,2082.6
17-07-20 10:15,60 < RSI-D; crossover 55,PE,10500,23-07-20,28.8,1,sell,open,-,2082.6
17-07-20 15:29,Profit Premimum below 15,PE,10500,23-07-20,14.75,1,sell,closed,14.05,2096.65
17-07-20 15:29,Profit Premimum below 15; bying again,PE,10650,23-07-20,31,1,sell,open,-,2096.65
20-07-20 15:30,weekly closing,CE,11500,23-07-20,3.1,2,buy,closed,-1.6,2095.05
20-07-20 15:30,weekly closing,PE,10650,23-07-20,17,1,sell,closed,14,2109.05
20-07-20 15:30,weekly reopening,CE,11350,30-07-20,32.15,1,sell,open,-,2109.05
21-07-20 9:30,premimum > 40; type2 purchase,PE,10600,30-07-20,29.35,2,sell,open,-,2109.05
21-07-20 9:30,premimum > 40; type2 purchase (Hedging),PE,9800,30-07-20,4.6,2,buy,open,-,2109.05
21-07-20 9:30,premimum > 40; type2 purchase,PE,10600,30-07-20,29.35,1,sell,open,-,2109.05
23-07-20 12:32,Profit Premimum below 15,PE,10600,30-07-20,15,2,sell,closed,14.35,2123.4
23-07-20 12:32,Profit Premimum below 15,PE,10600,30-07-20,15,1,sell,closed,14.35,2137.75
23-07-20 12:32,Profit Premimum below 15; bying again,PE,10800,30-07-20,28.8,1,sell,open,-,2137.75
24-07-20 9:31,RSI > 70 and nifty crossunder supertrend,CE,11350,30-07-20,33.6,1,sell,closed,-1.45,2136.3
27-07-20 13:40,Profit Premimum below 15,PE,10800,30-07-20,14.7,1,sell,closed,14.1,2150.4
27-07-20 13:40,Profit Premimum below 15; bying again,PE,10950,30-07-20,31.35,1,sell,open,-,2150.4
27-07-20 15:30,weekly closing,PE,9800,30-07-20,1.2,2,buy,closed,-3.4,2147
27-07-20 15:30,weekly closing,PE,10950,30-07-20,36.5,1,sell,closed,-5.15,2141.85
27-07-20 15:30,weekly reopening,PE,10600,06-08-20,29.05,1,sell,open,-,2141.85
28-07-20 14:32,Profit Premimum below 15,PE,10600,06-08-20,15,1,sell,closed,14.05,2155.9
28-07-20 14:32,Profit Premimum below 15; bying again,PE,10800,06-08-20,28.1,1,sell,open,-,2155.9
30-07-20 10:46,Profit Premimum below 15,PE,10800,06-08-20,14.8,1,sell,closed,13.3,2169.2
30-07-20 10:46,Profit Premimum below 15; bying again,PE,10950,06-08-20,28.75,1,sell,open,-,2169.2
30-07-20 12:59,premimum > 40; type2 purchase,CE,11500,06-08-20,26.3,2,sell,open,-,2169.2
30-07-20 12:59,premimum > 40; type2 purchase (Hedging),CE,11850,06-08-20,4.4,2,buy,open,-,2169.2
30-07-20 12:59,premimum > 40; type2 purchase,CE,11500,06-08-20,26.3,1,sell,open,-,2169.2
31-07-20 9:32,Profit Premimum below 15,CE,11500,06-08-20,14.85,2,sell,closed,11.45,2180.65
31-07-20 9:32,Profit Premimum below 15,CE,11500,06-08-20,14.85,1,sell,closed,11.45,2192.1
31-07-20 9:32,Profit Premimum below 15; bying again,CE,11400,06-08-20,26.2,1,sell,open,-,2192.1
